lon,lat,value,shapeName,EVP,unvac
27.7662499041,-26.152916360229998,88395.0,West Rand,94.90058883900001,4508.0
18.5662499409,-33.81958299623,66488.0,City of Cape Town,94.711758939,3516.0
30.8329165585,-29.79458301233,55556.0,eThekwini,90.265229082,5408.0
28.1495832359,-25.96124969433,51209.0,City of Johannesburg,93.420465642,3369.0
27.957916570000002,-26.152916360229998,48254.0,City of Johannesburg,93.420465642,3175.0
30.8329165585,-29.60291634643,46696.0,iLembe,75.408364836,11483.0
18.5662499409,-34.01124966213,40666.0,City of Cape Town,94.711758939,2151.0
18.374583275,-33.81958299623,40057.0,City of Cape Town,94.711758939,2118.0
27.957916570000002,-25.96124969433,37234.0,City of Johannesburg,93.420465642,2450.0
27.957916570000002,-25.386249696630003,35821.0,City of Tshwane,94.463777835,1983.0
28.1495832359,-26.152916360229998,35621.0,Ekurhuleni,94.076990091,2110.0
25.466249913299997,-33.81958299623,34878.0,Nelson Mandela Bay,91.50704923500001,2962.0
27.7662499041,-26.344583026130003,27991.0,West Rand,94.90058883900001,1427.0
27.957916570000002,-25.76958302843,25726.0,City of Tshwane,94.463777835,1424.0
28.1495832359,-25.57791636253,25023.0,City of Tshwane,94.463777835,1385.0
27.7662499041,-26.536249692029998,24300.0,Sedibeng,91.91230775999999,1965.0
27.7662499041,-25.96124969433,20628.0,West Rand,94.90058883900001,1052.0
28.341249901799998,-25.57791636253,19920.0,City of Tshwane,94.463777835,1103.0
28.341249901799998,-26.152916360229998,19597.0,Ekurhuleni,94.076990091,1161.0
18.374583275,-34.01124966213,17993.0,City of Cape Town,94.711758939,952.0
28.1495832359,-26.344583026130003,17635.0,Ekurhuleni,94.076990091,1045.0
30.2579165608,-29.60291634643,17193.0,Umgungundlovu,94.460073687,952.0
27.957916570000002,-25.57791636253,16922.0,Bojanala,90.34422698700001,1634.0
28.1495832359,-25.76958302843,16398.0,City of Tshwane,94.463777835,908.0
27.7662499041,-32.861249666730004,15953.0,Buffalo City,93.18359855700001,1087.0
27.191249906399996,-25.57791636253,15649.0,Bojanala,90.34422698700001,1511.0
28.341249901799998,-25.96124969433,15282.0,Ekurhuleni,94.076990091,905.0
29.107916565399997,-25.76958302843,15111.0,Nkangala,86.47099272,2044.0
26.232916576900003,-29.027916348730002,15023.0,Mangaung,96.171250203,575.0
28.7245832336,-28.452916351029998,14458.0,Thabo Mofutsanyane,95.78038554,610.0
30.066249894899997,-27.68624968743,14146.0,Amajuba,92.774776248,1022.0
28.341249901799998,-26.344583026130003,13841.0,Ekurhuleni,94.076990091,820.0
28.7245832336,-31.51958300543,13543.0,O.R.Tambo,85.58057585700001,1953.0
24.699583249699998,-28.64458301693,12577.0,Frances Baard,97.261760295,344.0
27.5745832382,-26.152916360229998,11389.0,West Rand,94.90058883900001,581.0
30.641249892599998,-29.79458301233,10964.0,eThekwini,90.265229082,1067.0
18.949583272699996,-33.62791633033,10957.0,Cape Winelands,92.786964732,790.0
18.7579166068,-34.01124966213,10690.0,Cape Winelands,92.786964732,771.0
25.466249913299997,-25.76958302843,10452.0,Ngaka Modiri Molema,92.82207438,750.0
30.8329165585,-29.986249678230003,10306.0,eThekwini,90.265229082,1003.0
30.2579165608,-22.89458303993,10181.0,Vhembe,89.95585158,1023.0
28.1495832359,-25.194583030729998,9772.0,Waterberg,93.14523332099999,670.0
27.957916570000002,-26.344583026130003,9740.0,Sedibeng,91.91230775999999,788.0
31.2162498903,-29.21958301463,9645.0,iLembe,75.408364836,2372.0
29.299583231299998,-23.85291636943,9485.0,Capricorn,84.429308124,1477.0
31.024583224399997,-24.61958303303,9409.0,Ehlanzeni,87.90843492900001,1138.0
30.4495832267,-22.89458303993,9227.0,Vhembe,89.95585158,927.0
26.041249910999998,-29.027916348730002,9222.0,Mangaung,96.171250203,353.0
29.874583229,-27.68624968743,9063.0,Amajuba,92.774776248,655.0
31.024583224399997,-25.194583030729998,8981.0,Ehlanzeni,87.90843492900001,1086.0
28.916249899500002,-24.04458303533,8909.0,Waterberg,93.14523332099999,611.0
31.024583224399997,-25.386249696630003,8842.0,Ehlanzeni,87.90843492900001,1069.0
25.2745832474,-33.62791633033,8742.0,Cacadu,94.088183364,517.0
30.2579165608,-29.41124968053,8711.0,Umgungundlovu,94.460073687,483.0
27.5745832382,-32.861249666730004,8619.0,Buffalo City,93.18359855700001,588.0
31.791249888,-25.57791636253,8355.0,Ehlanzeni,87.90843492900001,1010.0
29.682916563099997,-23.85291636943,8336.0,Capricorn,84.429308124,1298.0
22.399583258899998,-33.81958299623,8017.0,Eden,93.251039427,541.0
29.299583231299998,-23.66124970353,7911.0,Capricorn,84.429308124,1232.0
30.2579165608,-23.85291636943,7604.0,Mopani,89.892208224,769.0
25.466249913299997,-33.62791633033,7552.0,Nelson Mandela Bay,91.50704923500001,641.0
31.024583224399997,-29.60291634643,7421.0,eThekwini,90.265229082,722.0
31.2162498903,-24.81124969893,7293.0,Ehlanzeni,87.90843492900001,882.0
31.791249888,-28.83624968283,7293.0,Uthungulu,90.292884192,708.0
28.916249899500002,-25.00291636483,7274.0,Sekhukhune,89.77737371399999,744.0
29.491249897199996,-31.327916339530002,7259.0,O.R.Tambo,85.58057585700001,1047.0
26.6162499087,-29.21958301463,7044.0,Mangaung,96.171250203,270.0
27.7662499041,-26.72791635793,7031.0,Sedibeng,91.91230775999999,569.0
31.024583224399997,-29.41124968053,7000.0,iLembe,75.408364836,1721.0
30.641249892599998,-29.986249678230003,6965.0,Umgungundlovu,94.460073687,386.0
26.424583242799997,-26.72791635793,6932.0,Dr Kenneth Kaunda,92.072503782,550.0
31.024583224399997,-25.00291636483,6847.0,Ehlanzeni,87.90843492900001,828.0
29.299583231299998,-25.57791636253,6831.0,Nkangala,86.47099272,924.0
31.982916553899997,-28.64458301693,6757.0,Uthungulu,90.292884192,656.0
27.7662499041,-25.57791636253,6722.0,Bojanala,90.34422698700001,649.0
28.916249899500002,-25.194583030729998,6591.0,Nkangala,86.47099272,892.0
30.641249892599998,-29.60291634643,6518.0,Umgungundlovu,94.460073687,361.0
31.024583224399997,-24.81124969893,6299.0,Ehlanzeni,87.90843492900001,762.0
30.4495832267,-22.70291637403,6263.0,Vhembe,89.95585158,629.0
28.7245832336,-25.386249696630003,6220.0,Nkangala,86.47099272,842.0
31.982916553899997,-28.261249685129997,6189.0,Umkhanyakude,92.176661808,484.0
31.791249888,-28.64458301693,6023.0,Uthungulu,90.292884192,585.0
29.682916563099997,-30.75291634183,5995.0,Alfred Nzo,94.368393126,338.0
31.024583224399997,-23.85291636943,5975.0,Mopani,89.892208224,604.0
30.066249894899997,-23.08624970583,5940.0,Vhembe,89.95585158,597.0
31.599583222099998,-25.57791636253,5739.0,Ehlanzeni,87.90843492900001,694.0
27.7662499041,-25.386249696630003,5550.0,Bojanala,90.34422698700001,536.0
30.066249894899997,-24.427916367130003,5506.0,Sekhukhune,89.77737371399999,563.0
30.066249894899997,-29.60291634643,5399.0,Umgungundlovu,94.460073687,299.0
25.2745832474,-33.81958299623,5390.0,Nelson Mandela Bay,91.50704923500001,458.0
30.2579165608,-30.75291634183,5377.0,Ugu,96.068357532,211.0
26.6162499087,-26.91958302383,5366.0,Dr Kenneth Kaunda,92.072503782,425.0
28.916249899500002,-26.536249692029998,5366.0,Gert Sibande,95.90927831100001,220.0
31.2162498903,-29.027916348730002,5150.0,Uthungulu,90.292884192,500.0
27.382916572299997,-32.861249666730004,5071.0,Buffalo City,93.18359855700001,346.0
18.7579166068,-33.81958299623,5020.0,City of Cape Town,94.711758939,265.0
28.1495832359,-25.386249696630003,5010.0,City of Tshwane,94.463777835,277.0
30.641249892599998,-26.91958302383,4986.0,Gert Sibande,95.90927831100001,204.0
29.874583229,-30.75291634183,4959.0,Ugu,96.068357532,195.0
26.8079165746,-27.87791635333,4946.0,Lejweleputswa,96.61212678599999,168.0
19.3329166045,-33.62791633033,4928.0,Cape Winelands,92.786964732,355.0
31.4079165562,-25.57791636253,4921.0,Ehlanzeni,87.90843492900001,595.0
30.641249892599998,-22.89458303993,4889.0,Vhembe,89.95585158,491.0
26.999583240499994,-26.536249692029998,4855.0,Dr Kenneth Kaunda,92.072503782,385.0
26.6162499087,-27.87791635333,4814.0,Lejweleputswa,96.61212678599999,163.0
30.641249892599998,-28.069583019230002,4805.0,Zululand,92.734361181,349.0
30.641249892599998,-27.87791635333,4784.0,Zululand,92.734361181,348.0
29.491249897199996,-30.94458300773,4777.0,O.R.Tambo,85.58057585700001,689.0
29.874583229,-24.61958303303,4769.0,Sekhukhune,89.77737371399999,488.0
29.682916563099997,-24.81124969893,4767.0,Sekhukhune,89.77737371399999,487.0
29.874583229,-28.452916351029998,4762.0,Uthukela,90.954524934,431.0
29.682916563099997,-24.61958303303,4729.0,Sekhukhune,89.77737371399999,483.0
29.491249897199996,-24.236249701229998,4703.0,Capricorn,84.429308124,732.0
29.682916563099997,-28.452916351029998,4677.0,Uthukela,90.954524934,423.0
28.7245832336,-30.17791634413,4671.0,Alfred Nzo,94.368393126,263.0
23.357916588400002,-27.302916355630003,4618.0,John Taolo Gaetsewe,98.125839,87.0
30.2579165608,-30.56124967593,4601.0,Ugu,96.068357532,181.0
26.8079165746,-31.90291633723,4581.0,Chris Hani,95.019458247,228.0
27.5745832382,-25.57791636253,4546.0,Bojanala,90.34422698700001,439.0
30.641249892599998,-23.277916371729997,4464.0,Mopani,89.892208224,451.0
29.874583229,-26.344583026130003,4462.0,Gert Sibande,95.90927831100001,183.0
31.599583222099998,-27.87791635333,4396.0,Zululand,92.734361181,319.0
29.107916565399997,-26.91958302383,4377.0,Gert Sibande,95.90927831100001,179.0
30.641249892599998,-30.17791634413,4337.0,Ugu,96.068357532,171.0
18.374583275,-33.62791633033,4291.0,City of Cape Town,94.711758939,227.0
31.2162498903,-24.61958303303,4288.0,Ehlanzeni,87.90843492900001,518.0
31.4079165562,-28.83624968283,4248.0,Uthungulu,90.292884192,412.0
30.066249894899997,-30.75291634183,4238.0,Ugu,96.068357532,167.0
27.957916570000002,-25.194583030729998,4234.0,Bojanala,90.34422698700001,409.0
30.2579165608,-24.427916367130003,4234.0,Sekhukhune,89.77737371399999,433.0
28.916249899500002,-26.344583026130003,4215.0,Gert Sibande,95.90927831100001,172.0
30.4495832267,-30.36958301003,4201.0,Ugu,96.068357532,165.0
29.299583231299998,-24.236249701229998,4174.0,Capricorn,84.429308124,650.0
27.5745832382,-25.96124969433,4171.0,West Rand,94.90058883900001,213.0
30.2579165608,-23.08624970583,4155.0,Vhembe,89.95585158,417.0
26.6162499087,-26.72791635793,4117.0,Dr Kenneth Kaunda,92.072503782,326.0
31.4079165562,-27.302916355630003,4090.0,Zululand,92.734361181,297.0
29.107916565399997,-25.194583030729998,4061.0,Sekhukhune,89.77737371399999,415.0
18.374583275,-33.43624966443,4052.0,West Coast,94.30236093600001,231.0
30.066249894899997,-28.452916351029998,3999.0,Uthukela,90.954524934,362.0
31.024583224399997,-24.427916367130003,3985.0,Mopani,89.892208224,403.0
30.8329165585,-25.386249696630003,3983.0,Ehlanzeni,87.90843492900001,482.0
28.532916567699996,-25.386249696630003,3971.0,City of Tshwane,94.463777835,220.0
29.299583231299998,-31.136249673630005,3965.0,Alfred Nzo,94.368393126,223.0
28.916249899500002,-31.51958300543,3962.0,O.R.Tambo,85.58057585700001,571.0
28.1495832359,-28.069583019230002,3955.0,Thabo Mofutsanyane,95.78038554,167.0
28.7245832336,-25.194583030729998,3941.0,City of Tshwane,94.463777835,218.0
31.4079165562,-29.027916348730002,3901.0,iLembe,75.408364836,959.0
30.2579165608,-23.66124970353,3893.0,Mopani,89.892208224,393.0
29.491249897199996,-25.00291636483,3892.0,Sekhukhune,89.77737371399999,398.0
29.874583229,-30.56124967593,3871.0,Ugu,96.068357532,152.0
30.2579165608,-23.46958303763,3829.0,Mopani,89.892208224,387.0
30.641249892599998,-25.96124969433,3792.0,Gert Sibande,95.90927831100001,155.0
30.8329165585,-29.41124968053,3778.0,Umgungundlovu,94.460073687,209.0
30.066249894899997,-24.61958303303,3718.0,Sekhukhune,89.77737371399999,380.0
30.2579165608,-23.277916371729997,3713.0,Vhembe,89.95585158,373.0
30.2579165608,-28.64458301693,3656.0,Umzinyathi,94.613038821,197.0
28.1495832359,-32.28624966903,3653.0,Amathole,95.065689096,180.0
22.0162499271,-34.01124966213,3643.0,Eden,93.251039427,246.0
29.299583231299998,-31.51958300543,3626.0,O.R.Tambo,85.58057585700001,523.0
30.066249894899997,-28.069583019230002,3616.0,Amajuba,92.774776248,261.0
26.6162499087,-27.68624968743,3573.0,Lejweleputswa,96.61212678599999,121.0
29.299583231299998,-26.344583026130003,3570.0,Gert Sibande,95.90927831100001,146.0
30.4495832267,-29.79458301233,3560.0,Umgungundlovu,94.460073687,197.0
32.1745832198,-28.069583019230002,3549.0,Umkhanyakude,92.176661808,278.0
27.382916572299997,-25.57791636253,3537.0,Bojanala,90.34422698700001,342.0
28.532916567699996,-31.51958300543,3537.0,O.R.Tambo,85.58057585700001,510.0
27.382916572299997,-26.344583026130003,3515.0,West Rand,94.90058883900001,179.0
30.641249892599998,-22.70291637403,3514.0,Vhembe,89.95585158,353.0
30.066249894899997,-29.41124968053,3491.0,Umgungundlovu,94.460073687,193.0
30.066249894899997,-30.94458300773,3480.0,Alfred Nzo,94.368393126,196.0
29.682916563099997,-29.027916348730002,3463.0,Uthukela,90.954524934,313.0
28.532916567699996,-25.96124969433,3457.0,City of Tshwane,94.463777835,191.0
27.957916570000002,-26.536249692029998,3456.0,Sedibeng,91.91230775999999,280.0
31.2162498903,-25.386249696630003,3452.0,Ehlanzeni,87.90843492900001,417.0
30.641249892599998,-27.68624968743,3442.0,Amajuba,92.774776248,249.0
25.2745832474,-27.111249689730002,3407.0,Dr Ruth Segomotsi Mompati,94.37904611100001,192.0
29.491249897199996,-30.75291634183,3406.0,Alfred Nzo,94.368393126,192.0
19.141249938599998,-33.24458299853,3387.0,Cape Winelands,92.786964732,244.0
30.066249894899997,-22.89458303993,3362.0,Vhembe,89.95585158,338.0
29.107916565399997,-31.51958300543,3357.0,O.R.Tambo,85.58057585700001,484.0
29.491249897199996,-31.136249673630005,3344.0,O.R.Tambo,85.58057585700001,482.0
26.6162499087,-29.027916348730002,3332.0,Mangaung,96.171250203,128.0
24.699583249699998,-27.494583021529998,3308.0,Dr Ruth Segomotsi Mompati,94.37904611100001,186.0
31.4079165562,-28.261249685129997,3294.0,Zululand,92.734361181,239.0
32.1745832198,-26.91958302383,3288.0,Umkhanyakude,92.176661808,257.0
30.8329165585,-29.21958301463,3230.0,Umzinyathi,94.613038821,174.0
30.066249894899997,-27.87791635333,3218.0,Amajuba,92.774776248,233.0
29.299583231299998,-31.327916339530002,3215.0,O.R.Tambo,85.58057585700001,464.0
29.682916563099997,-30.94458300773,3206.0,Alfred Nzo,94.368393126,181.0
30.8329165585,-22.70291637403,3204.0,Vhembe,89.95585158,322.0
18.5662499409,-33.43624966443,3167.0,West Coast,94.30236093600001,180.0
29.874583229,-30.17791634413,3167.0,Sisonke,92.80777356899999,228.0
29.491249897199996,-23.85291636943,3156.0,Capricorn,84.429308124,491.0
29.299583231299998,-30.36958301003,3142.0,Alfred Nzo,94.368393126,177.0
30.4495832267,-28.64458301693,3113.0,Umzinyathi,94.613038821,168.0
29.874583229,-30.94458300773,3099.0,Alfred Nzo,94.368393126,175.0
28.916249899500002,-31.90291633723,3094.0,O.R.Tambo,85.58057585700001,446.0
29.682916563099997,-31.136249673630005,3093.0,O.R.Tambo,85.58057585700001,446.0
26.999583240499994,-26.72791635793,3084.0,Dr Kenneth Kaunda,92.072503782,244.0
22.207916593,-33.43624966443,3083.0,Eden,93.251039427,208.0
29.874583229,-24.81124969893,3067.0,Sekhukhune,89.77737371399999,314.0
31.791249888,-25.76958302843,3060.0,Ehlanzeni,87.90843492900001,370.0
30.4495832267,-23.08624970583,3042.0,Vhembe,89.95585158,306.0
28.916249899500002,-30.75291634183,3041.0,Alfred Nzo,94.368393126,171.0
26.424583242799997,-33.24458299853,3040.0,Cacadu,94.088183364,180.0
29.299583231299998,-25.76958302843,3015.0,Nkangala,86.47099272,408.0
26.999583240499994,-25.386249696630003,3013.0,Bojanala,90.34422698700001,291.0
28.916249899500002,-31.711249671330002,3000.0,O.R.Tambo,85.58057585700001,433.0
29.682916563099997,-30.56124967593,2995.0,Ugu,96.068357532,118.0
31.791249888,-28.452916351029998,2991.0,Uthungulu,90.292884192,290.0
28.532916567699996,-31.711249671330002,2978.0,O.R.Tambo,85.58057585700001,429.0
29.682916563099997,-23.66124970353,2961.0,Capricorn,84.429308124,461.0
26.041249910999998,-26.152916360229998,2958.0,Ngaka Modiri Molema,92.82207438,212.0
29.107916565399997,-26.344583026130003,2958.0,Nkangala,86.47099272,400.0
29.874583229,-22.319583042229997,2942.0,Vhembe,89.95585158,295.0
30.066249894899997,-22.70291637403,2914.0,Vhembe,89.95585158,293.0
18.182916609099998,-34.01124966213,2892.0,City of Cape Town,94.711758939,153.0
24.699583249699998,-26.91958302383,2882.0,Dr Ruth Segomotsi Mompati,94.37904611100001,162.0
30.8329165585,-27.302916355630003,2874.0,Gert Sibande,95.90927831100001,118.0
29.874583229,-30.36958301003,2864.0,Sisonke,92.80777356899999,206.0
28.916249899500002,-23.08624970583,2848.0,Capricorn,84.429308124,443.0
28.7245832336,-25.00291636483,2832.0,Nkangala,86.47099272,383.0
32.1745832198,-28.261249685129997,2829.0,Umkhanyakude,92.176661808,221.0
29.107916565399997,-31.711249671330002,2818.0,O.R.Tambo,85.58057585700001,406.0
29.299583231299998,-30.75291634183,2818.0,Alfred Nzo,94.368393126,159.0
30.4495832267,-29.60291634643,2783.0,Umgungundlovu,94.460073687,154.0
29.682916563099997,-25.00291636483,2775.0,Sekhukhune,89.77737371399999,284.0
29.299583231299998,-30.94458300773,2768.0,Alfred Nzo,94.368393126,156.0
27.191249906399996,-25.386249696630003,2757.0,Bojanala,90.34422698700001,266.0
28.7245832336,-31.711249671330002,2757.0,O.R.Tambo,85.58057585700001,398.0
21.0579165976,-28.452916351029998,2749.0,Z F Mgcawu,97.317877104,74.0
28.7245832336,-31.136249673630005,2746.0,O.R.Tambo,85.58057585700001,396.0
26.8079165746,-28.069583019230002,2729.0,Lejweleputswa,96.61212678599999,92.0
30.066249894899997,-23.85291636943,2708.0,Mopani,89.892208224,274.0
29.491249897199996,-28.83624968283,2688.0,Uthukela,90.954524934,243.0
22.9745832566,-34.01124966213,2661.0,Eden,93.251039427,180.0
30.066249894899997,-23.277916371729997,2660.0,Vhembe,89.95585158,267.0
29.107916565399997,-30.75291634183,2645.0,Alfred Nzo,94.368393126,149.0
31.982916553899997,-27.302916355630003,2643.0,Umkhanyakude,92.176661808,207.0
30.4495832267,-23.277916371729997,2621.0,Mopani,89.892208224,265.0
30.2579165608,-24.04458303533,2610.0,Mopani,89.892208224,264.0
31.982916553899997,-28.452916351029998,2589.0,Uthungulu,90.292884192,251.0
28.916249899500002,-31.327916339530002,2550.0,O.R.Tambo,85.58057585700001,368.0
26.8079165746,-26.72791635793,2540.0,Dr Kenneth Kaunda,92.072503782,201.0
28.7245832336,-31.327916339530002,2525.0,O.R.Tambo,85.58057585700001,364.0
26.8079165746,-29.027916348730002,2517.0,Mangaung,96.171250203,96.0
28.7245832336,-25.57791636253,2510.0,Nkangala,86.47099272,340.0
29.682916563099997,-23.08624970583,2508.0,Vhembe,89.95585158,252.0
25.8495832451,-25.386249696630003,2499.0,Ngaka Modiri Molema,92.82207438,179.0
29.682916563099997,-24.427916367130003,2496.0,Capricorn,84.429308124,389.0
27.191249906399996,-32.66958300083,2485.0,Amathole,95.065689096,123.0
30.2579165608,-30.17791634413,2481.0,Sisonke,92.80777356899999,178.0
29.107916565399997,-23.66124970353,2480.0,Capricorn,84.429308124,386.0
28.1495832359,-24.81124969893,2478.0,Waterberg,93.14523332099999,170.0
29.107916565399997,-28.64458301693,2477.0,Uthukela,90.954524934,224.0
29.874583229,-22.89458303993,2472.0,Vhembe,89.95585158,248.0
30.4495832267,-28.069583019230002,2451.0,Umzinyathi,94.613038821,132.0
30.641249892599998,-23.08624970583,2428.0,Vhembe,89.95585158,244.0
31.599583222099998,-28.83624968283,2421.0,Uthungulu,90.292884192,235.0
31.791249888,-28.069583019230002,2413.0,Zululand,92.734361181,175.0
29.682916563099997,-23.46958303763,2406.0,Capricorn,84.429308124,375.0
25.8495832451,-25.96124969433,2405.0,Ngaka Modiri Molema,92.82207438,173.0
29.682916563099997,-28.261249685129997,2396.0,Uthukela,90.954524934,217.0
28.532916567699996,-30.17791634413,2393.0,Alfred Nzo,94.368393126,135.0
28.7245832336,-31.90291633723,2392.0,O.R.Tambo,85.58057585700001,345.0
30.4495832267,-23.46958303763,2391.0,Mopani,89.892208224,242.0
30.8329165585,-24.61958303303,2387.0,Ehlanzeni,87.90843492900001,289.0
30.2579165608,-28.452916351029998,2381.0,Uthukela,90.954524934,215.0
28.1495832359,-32.094583003130005,2365.0,Amathole,95.065689096,117.0
29.874583229,-24.427916367130003,2355.0,Sekhukhune,89.77737371399999,241.0
31.024583224399997,-29.79458301233,2353.0,eThekwini,90.265229082,229.0
27.382916572299997,-30.36958301003,2344.0,Xhariep,93.820969935,145.0
31.024583224399997,-29.027916348730002,2341.0,iLembe,75.408364836,576.0
26.6162499087,-30.56124967593,2338.0,Xhariep,93.820969935,144.0
27.957916570000002,-31.51958300543,2335.0,Chris Hani,95.019458247,116.0
23.1662499225,-34.01124966213,2319.0,Eden,93.251039427,157.0
31.791249888,-27.87791635333,2317.0,Zululand,92.734361181,168.0
29.107916565399997,-23.277916371729997,2298.0,Capricorn,84.429308124,358.0
30.641249892599998,-29.41124968053,2293.0,Umgungundlovu,94.460073687,127.0
27.191249906399996,-27.494583021529998,2288.0,Fezile Dabi,81.22266558,430.0
30.4495832267,-24.236249701229998,2283.0,Mopani,89.892208224,231.0
28.1495832359,-31.51958300543,2279.0,Chris Hani,95.019458247,114.0
27.382916572299997,-32.66958300083,2277.0,Amathole,95.065689096,112.0
28.341249901799998,-32.094583003130005,2275.0,Amathole,95.065689096,112.0
22.9745832566,-27.68624968743,2261.0,John Taolo Gaetsewe,98.125839,42.0
28.1495832359,-26.536249692029998,2257.0,Sedibeng,91.91230775999999,183.0
25.8495832451,-27.111249689730002,2254.0,Dr Kenneth Kaunda,92.072503782,179.0
25.0829165815,-26.344583026130003,2241.0,Ngaka Modiri Molema,92.82207438,161.0
30.641249892599998,-28.261249685129997,2219.0,Umzinyathi,94.613038821,120.0
32.5579165516,-26.91958302383,2209.0,Umkhanyakude,92.176661808,173.0
30.2579165608,-28.83624968283,2207.0,Uthukela,90.954524934,200.0
22.399583258899998,-32.28624966903,2204.0,Central Karoo,98.03010483,43.0
31.4079165562,-27.87791635333,2177.0,Zululand,92.734361181,158.0
28.916249899500002,-25.96124969433,2176.0,Nkangala,86.47099272,294.0
30.641249892599998,-23.46958303763,2174.0,Mopani,89.892208224,220.0
30.066249894899997,-30.36958301003,2173.0,Sisonke,92.80777356899999,156.0
27.7662499041,-28.83624968283,2167.0,Thabo Mofutsanyane,95.78038554,91.0
29.299583231299998,-24.427916367130003,2166.0,Capricorn,84.429308124,337.0
31.4079165562,-28.64458301693,2157.0,Uthungulu,90.292884192,209.0
28.532916567699996,-31.90291633723,2150.0,O.R.Tambo,85.58057585700001,310.0
28.341249901799998,-24.61958303303,2149.0,Waterberg,93.14523332099999,147.0
28.7245832336,-23.85291636943,2147.0,Waterberg,93.14523332099999,147.0
31.599583222099998,-28.64458301693,2146.0,Uthungulu,90.292884192,208.0
29.874583229,-23.08624970583,2140.0,Vhembe,89.95585158,215.0
28.341249901799998,-30.56124967593,2136.0,Joe Gqabi,92.036230902,170.0
26.6162499087,-27.302916355630003,2134.0,Lejweleputswa,96.61212678599999,72.0
29.107916565399997,-26.152916360229998,2111.0,Nkangala,86.47099272,286.0
26.8079165746,-32.66958300083,2099.0,Amathole,95.065689096,104.0
29.682916563099997,-29.79458301233,2090.0,Sisonke,92.80777356899999,150.0
31.024583224399997,-29.21958301463,2087.0,iLembe,75.408364836,513.0
29.682916563099997,-24.236249701229998,2084.0,Capricorn,84.429308124,324.0
29.107916565399997,-31.327916339530002,2077.0,O.R.Tambo,85.58057585700001,299.0
29.874583229,-24.236249701229998,2077.0,Capricorn,84.429308124,323.0
24.507916583799997,-27.68624968743,2057.0,Dr Ruth Segomotsi Mompati,94.37904611100001,116.0
18.949583272699996,-34.01124966213,2053.0,City of Cape Town,94.711758939,109.0
28.916249899500002,-25.76958302843,2040.0,City of Tshwane,94.463777835,113.0
31.4079165562,-28.069583019230002,2027.0,Zululand,92.734361181,147.0
29.107916565399997,-30.94458300773,2016.0,Alfred Nzo,94.368393126,114.0
26.999583240499994,-27.494583021529998,2010.0,Fezile Dabi,81.22266558,377.0
22.399583258899998,-34.01124966213,1997.0,Eden,93.251039427,135.0
28.7245832336,-30.94458300773,1991.0,O.R.Tambo,85.58057585700001,287.0
29.491249897199996,-24.81124969893,1987.0,Sekhukhune,89.77737371399999,203.0
29.299583231299998,-24.81124969893,1980.0,Sekhukhune,89.77737371399999,202.0
27.191249906399996,-25.194583030729998,1970.0,Bojanala,90.34422698700001,190.0
24.699583249699998,-27.302916355630003,1968.0,Dr Ruth Segomotsi Mompati,94.37904611100001,111.0
18.949583272699996,-33.81958299623,1967.0,Cape Winelands,92.786964732,142.0
29.682916563099997,-29.986249678230003,1966.0,Sisonke,92.80777356899999,141.0
23.9329165861,-30.56124967593,1964.0,Pixley ka Seme,84.960424332,295.0
28.916249899500002,-24.81124969893,1948.0,Waterberg,93.14523332099999,134.0
29.682916563099997,-30.17791634413,1945.0,Sisonke,92.80777356899999,140.0
24.507916583799997,-32.094583003130005,1942.0,Cacadu,94.088183364,115.0
31.982916553899997,-27.111249689730002,1940.0,Umkhanyakude,92.176661808,152.0
29.491249897199996,-24.427916367130003,1936.0,Capricorn,84.429308124,301.0
28.916249899500002,-30.94458300773,1933.0,Alfred Nzo,94.368393126,109.0
17.7995832773,-32.861249666730004,1928.0,West Coast,94.30236093600001,110.0
31.599583222099998,-27.68624968743,1924.0,Zululand,92.734361181,140.0
25.6579165792,-25.76958302843,1917.0,Ngaka Modiri Molema,92.82207438,138.0
25.466249913299997,-27.494583021529998,1913.0,Dr Ruth Segomotsi Mompati,94.37904611100001,108.0
27.191249906399996,-26.152916360229998,1907.0,Dr Kenneth Kaunda,92.072503782,151.0
29.491249897199996,-29.027916348730002,1907.0,Uthukela,90.954524934,172.0
27.957916570000002,-32.28624966903,1905.0,Amathole,95.065689096,94.0
31.982916553899997,-27.87791635333,1897.0,Zululand,92.734361181,138.0
27.382916572299997,-26.91958302383,1895.0,Fezile Dabi,81.22266558,356.0
24.699583249699998,-34.01124966213,1891.0,Cacadu,94.088183364,112.0
29.299583231299998,-25.00291636483,1887.0,Sekhukhune,89.77737371399999,193.0
30.2579165608,-24.61958303303,1885.0,Sekhukhune,89.77737371399999,193.0
17.991249943199996,-32.861249666730004,1884.0,West Coast,94.30236093600001,107.0
28.532916567699996,-31.136249673630005,1880.0,Joe Gqabi,92.036230902,150.0
25.2745832474,-26.344583026130003,1878.0,Ngaka Modiri Molema,92.82207438,135.0
27.191249906399996,-32.861249666730004,1873.0,Amathole,95.065689096,92.0
28.7245832336,-32.094583003130005,1872.0,Amathole,95.065689096,92.0
29.682916563099997,-30.36958301003,1872.0,Sisonke,92.80777356899999,135.0
28.916249899500002,-23.66124970353,1869.0,Capricorn,84.429308124,291.0
25.466249913299997,-32.094583003130005,1867.0,Chris Hani,95.019458247,93.0
26.6162499087,-32.66958300083,1862.0,Amathole,95.065689096,92.0
27.957916570000002,-31.711249671330002,1856.0,Chris Hani,95.019458247,92.0
27.382916572299997,-25.386249696630003,1848.0,Bojanala,90.34422698700001,178.0
30.8329165585,-29.027916348730002,1848.0,Umzinyathi,94.613038821,100.0
27.5745832382,-31.51958300543,1832.0,Chris Hani,95.019458247,91.0
29.107916565399997,-31.136249673630005,1825.0,O.R.Tambo,85.58057585700001,263.0
29.299583231299998,-30.56124967593,1810.0,Sisonke,92.80777356899999,130.0
29.682916563099997,-28.83624968283,1807.0,Uthukela,90.954524934,163.0
31.599583222099998,-28.452916351029998,1805.0,Uthungulu,90.292884192,175.0
19.141249938599998,-34.39458299393,1804.0,Overberg,94.311689094,103.0
30.066249894899997,-24.236249701229998,1801.0,Sekhukhune,89.77737371399999,184.0
28.1495832359,-31.711249671330002,1793.0,Chris Hani,95.019458247,89.0
29.491249897199996,-29.986249678230003,1788.0,Sisonke,92.80777356899999,129.0
30.4495832267,-29.986249678230003,1775.0,Umgungundlovu,94.460073687,98.0
31.599583222099998,-25.76958302843,1773.0,Ehlanzeni,87.90843492900001,214.0
30.8329165585,-23.85291636943,1758.0,Mopani,89.892208224,178.0
30.066249894899997,-23.66124970353,1757.0,Mopani,89.892208224,178.0
28.1495832359,-31.90291633723,1748.0,Chris Hani,95.019458247,87.0
31.024583224399997,-28.452916351029998,1738.0,Uthungulu,90.292884192,169.0
30.066249894899997,-29.79458301233,1737.0,Umgungundlovu,94.460073687,96.0
30.641249892599998,-29.027916348730002,1735.0,Umzinyathi,94.613038821,93.0
28.341249901799998,-31.51958300543,1730.0,Chris Hani,95.019458247,86.0
32.3662498857,-27.68624968743,1725.0,Umkhanyakude,92.176661808,135.0
30.4495832267,-30.17791634413,1718.0,Ugu,96.068357532,68.0
30.641249892599998,-26.152916360229998,1695.0,Gert Sibande,95.90927831100001,69.0
21.0579165976,-28.261249685129997,1663.0,Z F Mgcawu,97.317877104,45.0
28.916249899500002,-23.46958303763,1663.0,Capricorn,84.429308124,259.0
29.874583229,-27.302916355630003,1658.0,Gert Sibande,95.90927831100001,68.0
19.524583270399997,-33.43624966443,1657.0,Cape Winelands,92.786964732,120.0
31.791249888,-27.68624968743,1653.0,Zululand,92.734361181,120.0
28.532916567699996,-30.36958301003,1652.0,Alfred Nzo,94.368393126,93.0
30.4495832267,-28.83624968283,1652.0,Umzinyathi,94.613038821,89.0
30.4495832267,-28.452916351029998,1649.0,Umzinyathi,94.613038821,89.0
30.2579165608,-22.70291637403,1644.0,Vhembe,89.95585158,165.0
29.107916565399997,-23.46958303763,1640.0,Capricorn,84.429308124,255.0
30.641249892599998,-26.344583026130003,1638.0,Gert Sibande,95.90927831100001,67.0
31.2162498903,-28.261249685129997,1627.0,Zululand,92.734361181,118.0
24.8912499156,-34.01124966213,1624.0,Cacadu,94.088183364,96.0
26.6162499087,-26.152916360229998,1623.0,Dr Kenneth Kaunda,92.072503782,129.0
28.532916567699996,-25.00291636483,1617.0,Waterberg,93.14523332099999,111.0
26.6162499087,-32.094583003130005,1613.0,Chris Hani,95.019458247,80.0
19.7162499363,-33.62791633033,1612.0,Cape Winelands,92.786964732,116.0
27.191249906399996,-30.36958301003,1606.0,Xhariep,93.820969935,99.0
26.8079165746,-31.711249671330002,1603.0,Chris Hani,95.019458247,80.0
24.699583249699998,-27.87791635333,1602.0,Frances Baard,97.261760295,44.0
30.2579165608,-30.36958301003,1600.0,Ugu,96.068357532,63.0
32.1745832198,-27.111249689730002,1599.0,Umkhanyakude,92.176661808,125.0
30.2579165608,-26.91958302383,1598.0,Gert Sibande,95.90927831100001,65.0
28.341249901799998,-31.711249671330002,1593.0,O.R.Tambo,85.58057585700001,230.0
27.191249906399996,-26.344583026130003,1590.0,Dr Kenneth Kaunda,92.072503782,126.0
30.066249894899997,-23.46958303763,1587.0,Mopani,89.892208224,160.0
30.4495832267,-29.027916348730002,1586.0,Umzinyathi,94.613038821,85.0
26.8079165746,-33.43624966443,1570.0,Cacadu,94.088183364,93.0
18.5662499409,-33.62791633033,1567.0,City of Cape Town,94.711758939,83.0
19.9079166022,-33.81958299623,1559.0,Cape Winelands,92.786964732,112.0
28.341249901799998,-31.90291633723,1555.0,Amathole,95.065689096,77.0
26.8079165746,-26.152916360229998,1551.0,Dr Kenneth Kaunda,92.072503782,123.0
29.491249897199996,-31.51958300543,1542.0,O.R.Tambo,85.58057585700001,222.0
31.2162498903,-28.83624968283,1542.0,Uthungulu,90.292884192,150.0
25.6579165792,-25.96124969433,1541.0,Ngaka Modiri Molema,92.82207438,111.0
27.382916572299997,-32.47791633493,1535.0,Amathole,95.065689096,76.0
28.532916567699996,-25.57791636253,1526.0,City of Tshwane,94.463777835,84.0
31.2162498903,-29.41124968053,1524.0,iLembe,75.408364836,375.0
28.916249899500002,-28.64458301693,1522.0,Thabo Mofutsanyane,95.78038554,64.0
30.2579165608,-25.00291636483,1503.0,Ehlanzeni,87.90843492900001,182.0
24.124583252,-26.536249692029998,1491.0,Dr Ruth Segomotsi Mompati,94.37904611100001,84.0
28.916249899500002,-25.386249696630003,1491.0,Nkangala,86.47099272,202.0
28.916249899500002,-31.136249673630005,1487.0,O.R.Tambo,85.58057585700001,214.0
22.9745832566,-28.261249685129997,1485.0,Z F Mgcawu,97.317877104,40.0
31.599583222099998,-28.069583019230002,1482.0,Zululand,92.734361181,108.0
25.0829165815,-26.152916360229998,1479.0,Ngaka Modiri Molema,92.82207438,106.0
31.2162498903,-28.069583019230002,1470.0,Zululand,92.734361181,107.0
18.374583275,-31.51958300543,1467.0,West Coast,94.30236093600001,84.0
28.341249901799998,-27.111249689730002,1463.0,Fezile Dabi,81.22266558,275.0
30.066249894899997,-28.64458301693,1463.0,Uthukela,90.954524934,132.0
30.4495832267,-29.41124968053,1461.0,Umgungundlovu,94.460073687,81.0
32.1745832198,-27.302916355630003,1461.0,Umkhanyakude,92.176661808,114.0
29.682916563099997,-29.60291634643,1458.0,Umgungundlovu,94.460073687,81.0
25.0829165815,-27.87791635333,1456.0,Dr Ruth Segomotsi Mompati,94.37904611100001,82.0
31.024583224399997,-28.83624968283,1454.0,Uthungulu,90.292884192,141.0
27.957916570000002,-27.111249689730002,1448.0,Fezile Dabi,81.22266558,272.0
30.8329165585,-26.152916360229998,1444.0,Gert Sibande,95.90927831100001,59.0
30.4495832267,-30.56124967593,1439.0,Ugu,96.068357532,57.0
30.8329165585,-28.261249685129997,1430.0,Umzinyathi,94.613038821,77.0
26.8079165746,-27.111249689730002,1429.0,Fezile Dabi,81.22266558,268.0
31.2162498903,-27.87791635333,1427.0,Zululand,92.734361181,104.0
26.041249910999998,-25.386249696630003,1417.0,Ngaka Modiri Molema,92.82207438,102.0
24.699583249699998,-28.069583019230002,1405.0,Frances Baard,97.261760295,38.0
30.8329165585,-28.452916351029998,1397.0,Umzinyathi,94.613038821,75.0
27.5745832382,-31.90291633723,1392.0,Chris Hani,95.019458247,69.0
27.7662499041,-31.711249671330002,1389.0,Chris Hani,95.019458247,69.0
29.874583229,-22.70291637403,1384.0,Vhembe,89.95585158,139.0
29.874583229,-23.46958303763,1382.0,Capricorn,84.429308124,215.0
26.232916576900003,-26.152916360229998,1380.0,Ngaka Modiri Molema,92.82207438,99.0
28.7245832336,-30.75291634183,1380.0,Alfred Nzo,94.368393126,78.0
25.8495832451,-26.72791635793,1376.0,Ngaka Modiri Molema,92.82207438,99.0
27.382916572299997,-29.027916348730002,1372.0,Thabo Mofutsanyane,95.78038554,58.0
29.491249897199996,-24.04458303533,1371.0,Capricorn,84.429308124,213.0
28.341249901799998,-32.28624966903,1370.0,Amathole,95.065689096,68.0
27.5745832382,-28.261249685129997,1369.0,Fezile Dabi,81.22266558,257.0
27.5745832382,-23.46958303763,1355.0,Waterberg,93.14523332099999,93.0
29.682916563099997,-25.96124969433,1354.0,Nkangala,86.47099272,183.0
26.8079165746,-25.76958302843,1353.0,Bojanala,90.34422698700001,131.0
31.982916553899997,-26.91958302383,1353.0,Umkhanyakude,92.176661808,106.0
27.957916570000002,-26.72791635793,1348.0,Fezile Dabi,81.22266558,253.0
29.299583231299998,-24.61958303303,1346.0,Waterberg,93.14523332099999,92.0
30.066249894899997,-30.17791634413,1345.0,Sisonke,92.80777356899999,97.0
26.999583240499994,-25.57791636253,1344.0,Bojanala,90.34422698700001,130.0
31.2162498903,-27.111249689730002,1342.0,Gert Sibande,95.90927831100001,55.0
30.8329165585,-28.83624968283,1335.0,Umzinyathi,94.613038821,72.0
28.532916567699996,-26.536249692029998,1329.0,Gert Sibande,95.90927831100001,54.0
26.232916576900003,-27.68624968743,1328.0,Lejweleputswa,96.61212678599999,45.0
26.6162499087,-28.261249685129997,1320.0,Lejweleputswa,96.61212678599999,45.0
29.491249897199996,-22.89458303993,1318.0,Vhembe,89.95585158,132.0
31.024583224399997,-27.302916355630003,1313.0,Gert Sibande,95.90927831100001,54.0
30.641249892599998,-26.536249692029998,1302.0,Gert Sibande,95.90927831100001,53.0
29.299583231299998,-28.83624968283,1299.0,Uthukela,90.954524934,118.0
31.024583224399997,-28.64458301693,1296.0,Uthungulu,90.292884192,126.0
28.532916567699996,-32.094583003130005,1293.0,Amathole,95.065689096,64.0
27.957916570000002,-31.90291633723,1288.0,Chris Hani,95.019458247,64.0
30.4495832267,-28.261249685129997,1288.0,Umzinyathi,94.613038821,69.0
32.749583217499996,-26.91958302383,1287.0,Umkhanyakude,92.176661808,101.0
28.341249901799998,-30.36958301003,1284.0,Alfred Nzo,94.368393126,72.0
28.532916567699996,-31.327916339530002,1284.0,O.R.Tambo,85.58057585700001,185.0
30.4495832267,-22.51124970813,1283.0,Vhembe,89.95585158,129.0
27.382916572299997,-31.90291633723,1279.0,Chris Hani,95.019458247,64.0
28.7245832336,-30.56124967593,1277.0,Alfred Nzo,94.368393126,72.0
28.341249901799998,-25.00291636483,1274.0,Waterberg,93.14523332099999,87.0
30.8329165585,-28.64458301693,1270.0,Uthungulu,90.292884192,123.0
31.2162498903,-28.64458301693,1269.0,Uthungulu,90.292884192,123.0
29.874583229,-23.277916371729997,1267.0,Vhembe,89.95585158,127.0
30.4495832267,-27.87791635333,1267.0,Amajuba,92.774776248,92.0
28.341249901799998,-25.76958302843,1262.0,City of Tshwane,94.463777835,70.0
29.491249897199996,-24.61958303303,1245.0,Sekhukhune,89.77737371399999,127.0
25.466249913299997,-26.344583026130003,1243.0,Ngaka Modiri Molema,92.82207438,89.0
26.999583240499994,-32.66958300083,1239.0,Amathole,95.065689096,61.0
30.2579165608,-29.79458301233,1239.0,Umgungundlovu,94.460073687,69.0
31.982916553899997,-27.494583021529998,1238.0,Zululand,92.734361181,90.0
29.491249897199996,-30.56124967593,1236.0,Sisonke,92.80777356899999,89.0
31.2162498903,-27.302916355630003,1233.0,Gert Sibande,95.90927831100001,50.0
28.7245832336,-23.08624970583,1230.0,Capricorn,84.429308124,192.0
28.532916567699996,-32.28624966903,1227.0,Amathole,95.065689096,61.0
27.957916570000002,-32.094583003130005,1226.0,Amathole,95.065689096,60.0
25.466249913299997,-25.96124969433,1222.0,Ngaka Modiri Molema,92.82207438,88.0
29.107916565399997,-23.08624970583,1221.0,Capricorn,84.429308124,190.0
26.041249910999998,-28.261249685129997,1213.0,Lejweleputswa,96.61212678599999,41.0
30.8329165585,-25.194583030729998,1211.0,Ehlanzeni,87.90843492900001,146.0
30.8329165585,-27.68624968743,1207.0,Zululand,92.734361181,88.0
25.466249913299997,-26.152916360229998,1206.0,Ngaka Modiri Molema,92.82207438,87.0
29.491249897199996,-25.76958302843,1204.0,Nkangala,86.47099272,163.0
27.382916572299997,-26.72791635793,1195.0,Dr Kenneth Kaunda,92.072503782,95.0
30.8329165585,-23.46958303763,1188.0,Mopani,89.892208224,120.0
24.3162499179,-28.452916351029998,1182.0,Frances Baard,97.261760295,32.0
28.916249899500002,-22.89458303993,1182.0,Capricorn,84.429308124,184.0
28.916249899500002,-30.56124967593,1180.0,Alfred Nzo,94.368393126,66.0
30.8329165585,-28.069583019230002,1180.0,Zululand,92.734361181,86.0
26.8079165746,-25.194583030729998,1177.0,Bojanala,90.34422698700001,114.0
28.916249899500002,-23.85291636943,1172.0,Waterberg,93.14523332099999,80.0
30.641249892599998,-28.452916351029998,1172.0,Umzinyathi,94.613038821,63.0
29.107916565399997,-25.00291636483,1170.0,Sekhukhune,89.77737371399999,120.0
20.482916599899998,-28.64458301693,1158.0,Z F Mgcawu,97.317877104,31.0
28.341249901799998,-27.68624968743,1158.0,Thabo Mofutsanyane,95.78038554,49.0
30.641249892599998,-27.302916355630003,1156.0,Zululand,92.734361181,84.0
24.507916583799997,-27.494583021529998,1151.0,Dr Ruth Segomotsi Mompati,94.37904611100001,65.0
27.191249906399996,-31.711249671330002,1146.0,Chris Hani,95.019458247,57.0
29.491249897199996,-30.17791634413,1145.0,Sisonke,92.80777356899999,82.0
26.999583240499994,-25.194583030729998,1144.0,Bojanala,90.34422698700001,110.0
27.191249906399996,-25.00291636483,1144.0,Bojanala,90.34422698700001,110.0
26.232916576900003,-26.72791635793,1143.0,Dr Kenneth Kaunda,92.072503782,91.0
30.066249894899997,-28.261249685129997,1142.0,Umzinyathi,94.613038821,62.0
27.957916570000002,-32.861249666730004,1140.0,Buffalo City,93.18359855700001,78.0
27.7662499041,-31.90291633723,1138.0,Chris Hani,95.019458247,57.0
26.999583240499994,-27.87791635333,1131.0,Lejweleputswa,96.61212678599999,38.0
17.991249943199996,-32.66958300083,1130.0,West Coast,94.30236093600001,64.0
30.066249894899997,-25.96124969433,1128.0,Gert Sibande,95.90927831100001,46.0
30.4495832267,-29.21958301463,1126.0,Umzinyathi,94.613038821,61.0
24.8912499156,-27.494583021529998,1124.0,Dr Ruth Segomotsi Mompati,94.37904611100001,63.0
30.4495832267,-23.66124970353,1123.0,Mopani,89.892208224,114.0
23.741249920199998,-29.027916348730002,1120.0,Pixley ka Seme,84.960424332,168.0
32.1745832198,-28.452916351029998,1120.0,Uthungulu,90.292884192,109.0
29.874583229,-28.83624968283,1115.0,Uthukela,90.954524934,101.0
31.982916553899997,-28.069583019230002,1115.0,Umkhanyakude,92.176661808,87.0
31.4079165562,-27.68624968743,1114.0,Zululand,92.734361181,81.0
26.999583240499994,-31.90291633723,1113.0,Chris Hani,95.019458247,55.0
27.7662499041,-31.51958300543,1108.0,Chris Hani,95.019458247,55.0
29.874583229,-27.87791635333,1108.0,Amajuba,92.774776248,80.0
28.532916567699996,-23.85291636943,1107.0,Waterberg,93.14523332099999,76.0
28.7245832336,-25.76958302843,1103.0,City of Tshwane,94.463777835,61.0
28.341249901799998,-30.17791634413,1099.0,Alfred Nzo,94.368393126,62.0
26.999583240499994,-31.711249671330002,1098.0,Chris Hani,95.019458247,55.0
27.382916572299997,-24.427916367130003,1094.0,Waterberg,93.14523332099999,75.0
28.532916567699996,-25.76958302843,1093.0,City of Tshwane,94.463777835,61.0
26.999583240499994,-25.00291636483,1091.0,Bojanala,90.34422698700001,105.0
29.107916565399997,-23.85291636943,1082.0,Capricorn,84.429308124,168.0
28.7245832336,-26.344583026130003,1079.0,Sedibeng,91.91230775999999,87.0
32.3662498857,-27.302916355630003,1074.0,Umkhanyakude,92.176661808,84.0
30.4495832267,-26.91958302383,1071.0,Gert Sibande,95.90927831100001,44.0
24.699583249699998,-33.81958299623,1070.0,Cacadu,94.088183364,63.0
30.066249894899997,-29.986249678230003,1070.0,Sisonke,92.80777356899999,77.0
27.7662499041,-32.094583003130005,1066.0,Chris Hani,95.019458247,53.0
25.0829165815,-30.56124967593,1064.0,Pixley ka Seme,84.960424332,160.0
29.874583229,-26.536249692029998,1060.0,Gert Sibande,95.90927831100001,43.0
29.874583229,-27.111249689730002,1059.0,Gert Sibande,95.90927831100001,43.0
29.874583229,-29.027916348730002,1058.0,Uthukela,90.954524934,96.0
23.741249920199998,-26.91958302383,1057.0,John Taolo Gaetsewe,98.125839,20.0
25.6579165792,-33.43624966443,1056.0,Cacadu,94.088183364,62.0
29.874583229,-29.986249678230003,1056.0,Sisonke,92.80777356899999,76.0
18.7579166068,-33.62791633033,1049.0,West Coast,94.30236093600001,60.0
24.3162499179,-26.344583026130003,1048.0,Dr Ruth Segomotsi Mompati,94.37904611100001,59.0
22.5912499248,-27.87791635333,1037.0,Z F Mgcawu,97.317877104,28.0
23.741249920199998,-25.96124969433,1036.0,Dr Ruth Segomotsi Mompati,94.37904611100001,58.0
28.532916567699996,-23.46958303763,1036.0,Waterberg,93.14523332099999,71.0
30.8329165585,-25.57791636253,1030.0,Ehlanzeni,87.90843492900001,125.0
25.8495832451,-27.302916355630003,1020.0,Dr Kenneth Kaunda,92.072503782,81.0
26.999583240499994,-31.51958300543,1019.0,Chris Hani,95.019458247,51.0
28.916249899500002,-29.986249678230003,1019.0,Sisonke,92.80777356899999,73.0
22.399583258899998,-33.43624966443,1018.0,Eden,93.251039427,69.0
29.682916563099997,-23.277916371729997,1017.0,Vhembe,89.95585158,102.0
28.916249899500002,-28.261249685129997,1016.0,Thabo Mofutsanyane,95.78038554,43.0
27.5745832382,-26.344583026130003,1014.0,West Rand,94.90058883900001,52.0
30.8329165585,-25.76958302843,1013.0,Ehlanzeni,87.90843492900001,122.0
28.7245832336,-22.70291637403,1008.0,Capricorn,84.429308124,157.0
27.191249906399996,-31.51958300543,1007.0,Chris Hani,95.019458247,50.0
30.066249894899997,-28.83624968283,1004.0,Uthukela,90.954524934,91.0
30.8329165585,-24.427916367130003,1004.0,Mopani,89.892208224,101.0
27.5745832382,-31.711249671330002,1001.0,Chris Hani,95.019458247,50.0
29.874583229,-29.79458301233,992.0,Sisonke,92.80777356899999,71.0
30.8329165585,-23.08624970583,991.0,Vhembe,89.95585158,100.0
27.957916570000002,-32.66958300083,989.0,Amathole,95.065689096,49.0
27.5745832382,-23.66124970353,985.0,Waterberg,93.14523332099999,68.0
30.8329165585,-22.89458303993,985.0,Vhembe,89.95585158,99.0
30.2579165608,-29.986249678230003,984.0,Umgungundlovu,94.460073687,55.0
26.999583240499994,-24.81124969893,983.0,Bojanala,90.34422698700001,95.0
20.291249934,-34.01124966213,981.0,Cape Winelands,92.786964732,71.0
26.8079165746,-31.51958300543,980.0,Chris Hani,95.019458247,49.0
25.2745832474,-26.536249692029998,979.0,Ngaka Modiri Molema,92.82207438,70.0
28.532916567699996,-26.91958302383,979.0,Gert Sibande,95.90927831100001,40.0
28.532916567699996,-30.94458300773,978.0,Joe Gqabi,92.036230902,78.0
29.874583229,-26.152916360229998,977.0,Gert Sibande,95.90927831100001,40.0
30.641249892599998,-28.64458301693,977.0,Umzinyathi,94.613038821,53.0
29.682916563099997,-28.64458301693,975.0,Uthukela,90.954524934,88.0
23.5495832543,-27.302916355630003,970.0,John Taolo Gaetsewe,98.125839,18.0
25.466249913299997,-32.66958300083,970.0,Cacadu,94.088183364,57.0
28.532916567699996,-26.152916360229998,969.0,Nkangala,86.47099272,131.0
26.232916576900003,-30.94458300773,967.0,Joe Gqabi,92.036230902,77.0
24.8912499156,-31.327916339530002,963.0,Chris Hani,95.019458247,48.0
27.382916572299997,-28.83624968283,963.0,Thabo Mofutsanyane,95.78038554,41.0
31.4079165562,-28.452916351029998,958.0,Zululand,92.734361181,70.0
32.1745832198,-27.494583021529998,958.0,Umkhanyakude,92.176661808,75.0
29.299583231299998,-28.64458301693,954.0,Uthukela,90.954524934,86.0
31.024583224399997,-27.68624968743,950.0,Zululand,92.734361181,69.0
27.957916570000002,-23.277916371729997,945.0,Waterberg,93.14523332099999,65.0
27.5745832382,-25.386249696630003,941.0,Bojanala,90.34422698700001,91.0
27.7662499041,-25.194583030729998,941.0,Bojanala,90.34422698700001,91.0
28.1495832359,-32.47791633493,940.0,Amathole,95.065689096,46.0
29.107916565399997,-24.236249701229998,939.0,Capricorn,84.429308124,146.0
29.874583229,-25.57791636253,937.0,Nkangala,86.47099272,127.0
29.107916565399997,-27.302916355630003,933.0,Thabo Mofutsanyane,95.78038554,39.0
30.641249892599998,-24.427916367130003,932.0,Mopani,89.892208224,94.0
27.191249906399996,-24.81124969893,928.0,Waterberg,93.14523332099999,64.0
26.999583240499994,-31.327916339530002,923.0,Joe Gqabi,92.036230902,74.0
27.7662499041,-25.00291636483,923.0,Bojanala,90.34422698700001,89.0
28.916249899500002,-28.069583019230002,923.0,Thabo Mofutsanyane,95.78038554,39.0
27.191249906399996,-30.56124967593,918.0,Joe Gqabi,92.036230902,73.0
20.099583268099998,-33.62791633033,917.0,Cape Winelands,92.786964732,66.0
22.5912499248,-29.60291634643,917.0,Pixley ka Seme,84.960424332,138.0
18.949583272699996,-34.20291632803,912.0,Overberg,94.311689094,52.0
18.5662499409,-33.052916332630005,910.0,West Coast,94.30236093600001,52.0
27.957916570000002,-23.46958303763,906.0,Waterberg,93.14523332099999,62.0
28.1495832359,-25.00291636483,905.0,Waterberg,93.14523332099999,62.0
26.8079165746,-32.094583003130005,904.0,Chris Hani,95.019458247,45.0
31.024583224399997,-25.76958302843,902.0,Ehlanzeni,87.90843492900001,109.0
26.424583242799997,-25.386249696630003,901.0,Ngaka Modiri Molema,92.82207438,65.0
27.382916572299997,-31.51958300543,898.0,Chris Hani,95.019458247,45.0
28.7245832336,-24.81124969893,896.0,Waterberg,93.14523332099999,61.0
18.7579166068,-33.24458299853,889.0,West Coast,94.30236093600001,51.0
26.232916576900003,-27.111249689730002,889.0,Dr Kenneth Kaunda,92.072503782,70.0
26.6162499087,-25.57791636253,884.0,Bojanala,90.34422698700001,85.0
30.641249892599998,-29.21958301463,884.0,Umzinyathi,94.613038821,48.0
27.957916570000002,-24.236249701229998,878.0,Waterberg,93.14523332099999,60.0
30.4495832267,-24.427916367130003,877.0,Sekhukhune,89.77737371399999,90.0
25.2745832474,-25.76958302843,872.0,Ngaka Modiri Molema,92.82207438,63.0
28.7245832336,-23.46958303763,872.0,Waterberg,93.14523332099999,60.0
30.4495832267,-22.319583042229997,870.0,Vhembe,89.95585158,87.0
27.382916572299997,-33.052916332630005,866.0,Amathole,95.065689096,43.0
29.107916565399997,-31.90291633723,864.0,O.R.Tambo,85.58057585700001,125.0
27.191249906399996,-31.327916339530002,859.0,Joe Gqabi,92.036230902,68.0
29.299583231299998,-25.96124969433,858.0,Nkangala,86.47099272,116.0
29.491249897199996,-29.79458301233,857.0,Sisonke,92.80777356899999,62.0
24.699583249699998,-27.68624968743,855.0,Frances Baard,97.261760295,23.0
26.999583240499994,-30.17791634413,854.0,Xhariep,93.820969935,53.0
26.424583242799997,-31.90291633723,853.0,Chris Hani,95.019458247,42.0
32.1745832198,-27.87791635333,853.0,Umkhanyakude,92.176661808,67.0
30.8329165585,-25.96124969433,852.0,Gert Sibande,95.90927831100001,35.0
25.8495832451,-25.194583030729998,850.0,Ngaka Modiri Molema,92.82207438,61.0
24.507916583799997,-28.64458301693,845.0,Frances Baard,97.261760295,23.0
28.1495832359,-31.136249673630005,844.0,Joe Gqabi,92.036230902,67.0
28.532916567699996,-30.75291634183,844.0,Joe Gqabi,92.036230902,67.0
32.3662498857,-27.494583021529998,839.0,Umkhanyakude,92.176661808,66.0
25.8495832451,-27.68624968743,836.0,Lejweleputswa,96.61212678599999,28.0
28.532916567699996,-23.66124970353,831.0,Waterberg,93.14523332099999,57.0
27.382916572299997,-28.64458301693,830.0,Thabo Mofutsanyane,95.78038554,35.0
18.182916609099998,-31.51958300543,826.0,West Coast,94.30236093600001,47.0
28.341249901799998,-32.47791633493,822.0,Amathole,95.065689096,41.0
27.7662499041,-25.76958302843,820.0,Bojanala,90.34422698700001,79.0
27.957916570000002,-25.00291636483,812.0,Bojanala,90.34422698700001,78.0
30.641249892599998,-25.00291636483,811.0,Ehlanzeni,87.90843492900001,98.0
25.2745832474,-26.152916360229998,809.0,Ngaka Modiri Molema,92.82207438,58.0
30.641249892599998,-22.51124970813,809.0,Vhembe,89.95585158,81.0
19.3329166045,-33.24458299853,808.0,Cape Winelands,92.786964732,58.0
22.782916590699998,-27.494583021529998,808.0,John Taolo Gaetsewe,98.125839,15.0
31.2162498903,-28.452916351029998,807.0,Zululand,92.734361181,59.0
29.874583229,-29.21958301463,800.0,Umgungundlovu,94.460073687,44.0
28.341249901799998,-31.327916339530002,795.0,Joe Gqabi,92.036230902,63.0
29.682916563099997,-26.91958302383,788.0,Gert Sibande,95.90927831100001,32.0
25.6579165792,-26.536249692029998,785.0,Ngaka Modiri Molema,92.82207438,56.0
24.507916583799997,-25.76958302843,784.0,Ngaka Modiri Molema,92.82207438,56.0
19.3329166045,-34.20291632803,779.0,Overberg,94.311689094,44.0
27.7662499041,-27.87791635333,777.0,Fezile Dabi,81.22266558,146.0
24.507916583799997,-27.302916355630003,776.0,Dr Ruth Segomotsi Mompati,94.37904611100001,44.0
28.341249901799998,-30.94458300773,775.0,Joe Gqabi,92.036230902,62.0
31.024583224399997,-27.494583021529998,775.0,Zululand,92.734361181,56.0
20.8662499317,-28.64458301693,773.0,Z F Mgcawu,97.317877104,21.0
29.299583231299998,-23.46958303763,771.0,Capricorn,84.429308124,120.0
32.5579165516,-27.302916355630003,763.0,Umkhanyakude,92.176661808,60.0
19.9079166022,-34.39458299393,754.0,Overberg,94.311689094,43.0
23.1662499225,-27.111249689730002,753.0,John Taolo Gaetsewe,98.125839,14.0
30.2579165608,-24.236249701229998,751.0,Capricorn,84.429308124,117.0
32.3662498857,-27.111249689730002,746.0,Umkhanyakude,92.176661808,58.0
18.374583275,-33.24458299853,745.0,West Coast,94.30236093600001,42.0
28.916249899500002,-32.094583003130005,743.0,Amathole,95.065689096,37.0
28.1495832359,-28.452916351029998,732.0,Thabo Mofutsanyane,95.78038554,31.0
27.957916570000002,-27.494583021529998,731.0,Fezile Dabi,81.22266558,137.0
31.2162498903,-27.68624968743,726.0,Zululand,92.734361181,53.0
17.7995832773,-29.60291634643,724.0,Namakwa,97.88969471400002,15.0
29.107916565399997,-30.56124967593,723.0,Alfred Nzo,94.368393126,41.0
27.5745832382,-27.111249689730002,722.0,Fezile Dabi,81.22266558,136.0
19.141249938599998,-33.81958299623,711.0,Cape Winelands,92.786964732,51.0
18.949583272699996,-33.052916332630005,708.0,West Coast,94.30236093600001,40.0
29.491249897199996,-23.66124970353,708.0,Capricorn,84.429308124,110.0
29.874583229,-28.261249685129997,705.0,Uthukela,90.954524934,64.0
28.532916567699996,-23.277916371729997,704.0,Capricorn,84.429308124,110.0
28.532916567699996,-30.56124967593,702.0,Alfred Nzo,94.368393126,40.0
18.5662499409,-32.861249666730004,701.0,West Coast,94.30236093600001,40.0
27.5745832382,-32.094583003130005,699.0,Chris Hani,95.019458247,35.0
27.382916572299997,-31.711249671330002,696.0,Chris Hani,95.019458247,35.0
26.232916576900003,-31.327916339530002,695.0,Chris Hani,95.019458247,35.0
29.299583231299998,-31.711249671330002,694.0,O.R.Tambo,85.58057585700001,100.0
23.1662499225,-27.302916355630003,688.0,John Taolo Gaetsewe,98.125839,13.0
28.916249899500002,-23.277916371729997,688.0,Capricorn,84.429308124,107.0
26.999583240499994,-32.861249666730004,686.0,Amathole,95.065689096,34.0
29.874583229,-29.60291634643,685.0,Umgungundlovu,94.460073687,38.0
28.341249901799998,-26.536249692029998,683.0,Sedibeng,91.91230775999999,55.0
31.791249888,-25.386249696630003,683.0,Ehlanzeni,87.90843492900001,83.0
28.341249901799998,-31.136249673630005,680.0,Joe Gqabi,92.036230902,54.0
27.7662499041,-31.327916339530002,676.0,Chris Hani,95.019458247,34.0
32.5579165516,-27.494583021529998,674.0,Umkhanyakude,92.176661808,53.0
30.8329165585,-23.277916371729997,673.0,Mopani,89.892208224,68.0
26.999583240499994,-33.052916332630005,670.0,Amathole,95.065689096,33.0
25.8495832451,-24.81124969893,669.0,Ngaka Modiri Molema,92.82207438,48.0
26.999583240499994,-33.24458299853,669.0,Cacadu,94.088183364,40.0
21.2495832635,-28.261249685129997,668.0,Z F Mgcawu,97.317877104,18.0
21.2495832635,-34.01124966213,662.0,Eden,93.251039427,45.0
26.424583242799997,-28.64458301693,662.0,Lejweleputswa,96.61212678599999,22.0
18.7579166068,-32.861249666730004,661.0,West Coast,94.30236093600001,38.0
26.8079165746,-29.21958301463,659.0,Mangaung,96.171250203,25.0
18.949583272699996,-32.47791633493,655.0,West Coast,94.30236093600001,37.0
25.6579165792,-25.194583030729998,654.0,Ngaka Modiri Molema,92.82207438,47.0
28.341249901799998,-30.75291634183,651.0,Joe Gqabi,92.036230902,52.0
31.2162498903,-24.427916367130003,648.0,Ehlanzeni,87.90843492900001,78.0
26.041249910999998,-25.96124969433,646.0,Ngaka Modiri Molema,92.82207438,46.0
30.641249892599998,-28.83624968283,646.0,Umzinyathi,94.613038821,35.0
26.232916576900003,-32.66958300083,638.0,Amathole,95.065689096,31.0
25.466249913299997,-33.24458299853,637.0,Cacadu,94.088183364,38.0
29.682916563099997,-22.89458303993,635.0,Vhembe,89.95585158,64.0
29.874583229,-31.136249673630005,632.0,Alfred Nzo,94.368393126,36.0
23.9329165861,-29.60291634643,631.0,Pixley ka Seme,84.960424332,95.0
31.599583222099998,-28.261249685129997,631.0,Zululand,92.734361181,46.0
29.299583231299998,-24.04458303533,630.0,Capricorn,84.429308124,98.0
28.916249899500002,-30.36958301003,628.0,Alfred Nzo,94.368393126,35.0
31.024583224399997,-25.57791636253,627.0,Ehlanzeni,87.90843492900001,76.0
25.466249913299997,-25.57791636253,626.0,Ngaka Modiri Molema,92.82207438,45.0
30.641249892599998,-30.36958301003,620.0,Ugu,96.068357532,24.0
24.507916583799997,-27.87791635333,619.0,Dr Ruth Segomotsi Mompati,94.37904611100001,35.0
27.7662499041,-32.28624966903,616.0,Amathole,95.065689096,30.0
29.299583231299998,-28.452916351029998,612.0,Uthukela,90.954524934,55.0
27.5745832382,-30.94458300773,609.0,Joe Gqabi,92.036230902,48.0
28.916249899500002,-27.68624968743,609.0,Thabo Mofutsanyane,95.78038554,26.0
23.9329165861,-26.91958302383,606.0,John Taolo Gaetsewe,98.125839,11.0
29.682916563099997,-24.04458303533,606.0,Capricorn,84.429308124,94.0
31.599583222099998,-27.302916355630003,602.0,Gert Sibande,95.90927831100001,25.0
30.641249892599998,-22.319583042229997,600.0,Vhembe,89.95585158,60.0
31.4079165562,-25.386249696630003,598.0,Ehlanzeni,87.90843492900001,72.0
30.066249894899997,-30.56124967593,595.0,Ugu,96.068357532,23.0
27.382916572299997,-30.56124967593,593.0,Joe Gqabi,92.036230902,47.0
29.682916563099997,-31.327916339530002,590.0,O.R.Tambo,85.58057585700001,85.0
30.4495832267,-26.344583026130003,589.0,Gert Sibande,95.90927831100001,24.0
28.1495832359,-31.327916339530002,587.0,Chris Hani,95.019458247,29.0
27.7662499041,-23.08624970583,585.0,Waterberg,93.14523332099999,40.0
30.8329165585,-23.66124970353,584.0,Mopani,89.892208224,59.0
24.507916583799997,-28.452916351029998,579.0,Frances Baard,97.261760295,16.0
24.507916583799997,-29.027916348730002,579.0,Pixley ka Seme,84.960424332,87.0
31.4079165562,-24.81124969893,577.0,Ehlanzeni,87.90843492900001,70.0
29.491249897199996,-28.64458301693,576.0,Uthukela,90.954524934,52.0
28.7245832336,-24.427916367130003,574.0,Waterberg,93.14523332099999,39.0
28.1495832359,-30.56124967593,570.0,Joe Gqabi,92.036230902,45.0
19.3329166045,-34.58624965983,569.0,Overberg,94.311689094,32.0
31.2162498903,-27.494583021529998,568.0,Zululand,92.734361181,41.0
32.1745832198,-28.64458301693,566.0,Uthungulu,90.292884192,55.0
30.066249894899997,-27.302916355630003,563.0,Gert Sibande,95.90927831100001,23.0
30.4495832267,-26.72791635793,563.0,Gert Sibande,95.90927831100001,23.0
23.357916588400002,-28.069583019230002,559.0,Z F Mgcawu,97.317877104,15.0
18.949583272699996,-32.861249666730004,555.0,West Coast,94.30236093600001,32.0
19.7162499363,-33.81958299623,554.0,Cape Winelands,92.786964732,40.0
25.6579165792,-25.386249696630003,553.0,Ngaka Modiri Molema,92.82207438,40.0
25.2745832474,-33.24458299853,552.0,Cacadu,94.088183364,33.0
27.191249906399996,-31.90291633723,551.0,Chris Hani,95.019458247,27.0
26.041249910999998,-25.194583030729998,550.0,Ngaka Modiri Molema,92.82207438,39.0
22.0162499271,-33.43624966443,549.0,Eden,93.251039427,37.0
28.532916567699996,-24.427916367130003,549.0,Waterberg,93.14523332099999,38.0
26.6162499087,-33.62791633033,546.0,Cacadu,94.088183364,32.0
18.5662499409,-31.711249671330002,543.0,West Coast,94.30236093600001,31.0
22.9745832566,-31.327916339530002,543.0,Pixley ka Seme,84.960424332,82.0
30.4495832267,-25.00291636483,543.0,Ehlanzeni,87.90843492900001,66.0
26.424583242799997,-25.194583030729998,539.0,Bojanala,90.34422698700001,52.0
27.191249906399996,-24.61958303303,534.0,Waterberg,93.14523332099999,37.0
27.382916572299997,-25.96124969433,530.0,Bojanala,90.34422698700001,51.0
29.874583229,-28.64458301693,529.0,Uthukela,90.954524934,48.0
24.699583249699998,-33.62791633033,527.0,Cacadu,94.088183364,31.0
26.999583240499994,-28.069583019230002,523.0,Lejweleputswa,96.61212678599999,18.0
26.6162499087,-31.90291633723,520.0,Chris Hani,95.019458247,26.0
30.641249892599998,-24.236249701229998,517.0,Mopani,89.892208224,52.0
26.6162499087,-29.41124968053,516.0,Mangaung,96.171250203,20.0
30.2579165608,-27.494583021529998,514.0,Amajuba,92.774776248,37.0
28.7245832336,-23.66124970353,510.0,Waterberg,93.14523332099999,35.0
28.7245832336,-24.04458303533,510.0,Waterberg,93.14523332099999,35.0
31.4079165562,-24.61958303303,510.0,Ehlanzeni,87.90843492900001,62.0
27.957916570000002,-23.08624970583,508.0,Waterberg,93.14523332099999,35.0
19.3329166045,-33.43624966443,506.0,Cape Winelands,92.786964732,36.0
30.641249892599998,-24.61958303303,505.0,Sekhukhune,89.77737371399999,52.0
29.107916565399997,-28.83624968283,504.0,Uthukela,90.954524934,46.0
29.491249897199996,-30.36958301003,504.0,Sisonke,92.80777356899999,36.0
18.7579166068,-32.094583003130005,503.0,West Coast,94.30236093600001,29.0
19.7162499363,-31.327916339530002,503.0,Namakwa,97.88969471400002,11.0
24.8912499156,-31.136249673630005,502.0,Pixley ka Seme,84.960424332,75.0
23.741249920199998,-33.81958299623,499.0,Cacadu,94.088183364,29.0
24.507916583799997,-28.261249685129997,499.0,Frances Baard,97.261760295,14.0
24.3162499179,-28.261249685129997,496.0,Frances Baard,97.261760295,14.0
26.999583240499994,-29.60291634643,496.0,Mangaung,96.171250203,19.0
29.491249897199996,-26.72791635793,495.0,Gert Sibande,95.90927831100001,20.0
31.982916553899997,-26.72791635793,495.0,Umkhanyakude,92.176661808,39.0
19.141249938599998,-32.861249666730004,493.0,West Coast,94.30236093600001,28.0
23.5495832543,-33.62791633033,489.0,Eden,93.251039427,33.0
25.466249913299997,-28.069583019230002,485.0,Lejweleputswa,96.61212678599999,16.0
21.2495832635,-28.452916351029998,482.0,Z F Mgcawu,97.317877104,13.0
23.357916588400002,-33.24458299853,482.0,Cacadu,94.088183364,28.0
25.8495832451,-26.344583026130003,480.0,Ngaka Modiri Molema,92.82207438,34.0
26.6162499087,-32.47791633493,480.0,Amathole,95.065689096,24.0
26.999583240499994,-30.56124967593,478.0,Xhariep,93.820969935,30.0
28.532916567699996,-28.261249685129997,478.0,Thabo Mofutsanyane,95.78038554,20.0
24.8912499156,-27.111249689730002,477.0,Dr Ruth Segomotsi Mompati,94.37904611100001,27.0
28.7245832336,-22.89458303993,476.0,Capricorn,84.429308124,74.0
30.066249894899997,-25.57791636253,472.0,Nkangala,86.47099272,64.0
25.6579165792,-33.81958299623,471.0,Nelson Mandela Bay,91.50704923500001,40.0
26.6162499087,-25.00291636483,471.0,Bojanala,90.34422698700001,45.0
30.641249892599998,-26.72791635793,471.0,Gert Sibande,95.90927831100001,19.0
18.7579166068,-33.43624966443,467.0,West Coast,94.30236093600001,27.0
19.141249938599998,-33.43624966443,466.0,Cape Winelands,92.786964732,34.0
32.3662498857,-26.91958302383,466.0,Umkhanyakude,92.176661808,36.0
29.491249897199996,-26.344583026130003,459.0,Gert Sibande,95.90927831100001,19.0
32.3662498857,-28.261249685129997,459.0,Umkhanyakude,92.176661808,36.0
21.824583261199997,-28.83624968283,458.0,Z F Mgcawu,97.317877104,12.0
26.6162499087,-25.386249696630003,457.0,Bojanala,90.34422698700001,44.0
29.491249897199996,-28.261249685129997,457.0,Thabo Mofutsanyane,95.78038554,19.0
24.8912499156,-29.21958301463,455.0,Xhariep,93.820969935,28.0
26.041249910999998,-32.66958300083,453.0,Amathole,95.065689096,22.0
30.2579165608,-27.68624968743,453.0,Amajuba,92.774776248,33.0
19.141249938599998,-33.62791633033,452.0,Cape Winelands,92.786964732,33.0
26.8079165746,-25.00291636483,452.0,Bojanala,90.34422698700001,44.0
20.8662499317,-34.01124966213,450.0,Eden,93.251039427,30.0
30.2579165608,-22.51124970813,450.0,Vhembe,89.95585158,45.0
27.5745832382,-25.76958302843,449.0,Bojanala,90.34422698700001,43.0
19.524583270399997,-34.01124966213,445.0,Overberg,94.311689094,25.0
25.2745832474,-29.60291634643,445.0,Xhariep,93.820969935,27.0
19.9079166022,-33.24458299853,439.0,Cape Winelands,92.786964732,32.0
26.424583242799997,-31.51958300543,439.0,Chris Hani,95.019458247,22.0
30.8329165585,-22.319583042229997,439.0,Vhembe,89.95585158,44.0
25.6579165792,-31.136249673630005,437.0,Joe Gqabi,92.036230902,35.0
29.682916563099997,-29.41124968053,437.0,Umgungundlovu,94.460073687,24.0
18.949583272699996,-33.24458299853,436.0,Cape Winelands,92.786964732,31.0
30.066249894899997,-24.81124969893,436.0,Sekhukhune,89.77737371399999,45.0
25.0829165815,-28.452916351029998,433.0,Lejweleputswa,96.61212678599999,15.0
26.6162499087,-25.194583030729998,433.0,Bojanala,90.34422698700001,42.0
27.5745832382,-31.327916339530002,432.0,Chris Hani,95.019458247,22.0
27.5745832382,-33.052916332630005,432.0,Buffalo City,93.18359855700001,29.0
22.782916590699998,-34.01124966213,430.0,Eden,93.251039427,29.0
28.532916567699996,-23.08624970583,423.0,Capricorn,84.429308124,66.0
24.124583252,-33.81958299623,420.0,Cacadu,94.088183364,25.0
27.382916572299997,-25.00291636483,420.0,Waterberg,93.14523332099999,29.0
27.382916572299997,-27.87791635333,420.0,Fezile Dabi,81.22266558,79.0
21.2495832635,-33.43624966443,419.0,Eden,93.251039427,28.0
30.066249894899997,-24.04458303533,419.0,Capricorn,84.429308124,65.0
17.7995832773,-29.41124968053,416.0,Namakwa,97.88969471400002,9.0
17.991249943199996,-33.052916332630005,416.0,West Coast,94.30236093600001,24.0
27.7662499041,-32.47791633493,415.0,Amathole,95.065689096,20.0
30.8329165585,-27.111249689730002,413.0,Gert Sibande,95.90927831100001,17.0
26.8079165746,-28.452916351029998,412.0,Lejweleputswa,96.61212678599999,14.0
22.0162499271,-33.052916332630005,411.0,Central Karoo,98.03010483,8.0
30.8329165585,-27.494583021529998,411.0,Zululand,92.734361181,30.0
27.7662499041,-32.66958300083,410.0,Amathole,95.065689096,20.0
22.207916593,-34.01124966213,408.0,Eden,93.251039427,28.0
27.5745832382,-30.56124967593,405.0,Joe Gqabi,92.036230902,32.0
31.599583222099998,-29.027916348730002,405.0,Uthungulu,90.292884192,39.0
30.4495832267,-27.302916355630003,404.0,Gert Sibande,95.90927831100001,17.0
22.207916593,-33.81958299623,403.0,Eden,93.251039427,27.0
27.7662499041,-31.136249673630005,403.0,Joe Gqabi,92.036230902,32.0
28.7245832336,-26.72791635793,403.0,Gert Sibande,95.90927831100001,16.0
30.641249892599998,-25.386249696630003,402.0,Ehlanzeni,87.90843492900001,49.0
30.641249892599998,-27.111249689730002,402.0,Gert Sibande,95.90927831100001,16.0
28.532916567699996,-25.194583030729998,401.0,Waterberg,93.14523332099999,27.0
25.2745832474,-29.027916348730002,400.0,Xhariep,93.820969935,25.0
26.8079165746,-30.36958301003,398.0,Xhariep,93.820969935,25.0
28.532916567699996,-22.89458303993,398.0,Capricorn,84.429308124,62.0
28.532916567699996,-24.81124969893,398.0,Waterberg,93.14523332099999,27.0
19.3329166045,-34.39458299393,397.0,Overberg,94.311689094,23.0
19.141249938599998,-33.052916332630005,393.0,West Coast,94.30236093600001,22.0
25.8495832451,-25.00291636483,392.0,Ngaka Modiri Molema,92.82207438,28.0
26.232916576900003,-33.62791633033,392.0,Cacadu,94.088183364,23.0
28.7245832336,-23.277916371729997,391.0,Capricorn,84.429308124,61.0
29.682916563099997,-25.76958302843,390.0,Nkangala,86.47099272,53.0
23.9329165861,-26.72791635793,388.0,Dr Ruth Segomotsi Mompati,94.37904611100001,22.0
29.491249897199996,-27.494583021529998,386.0,Thabo Mofutsanyane,95.78038554,16.0
23.741249920199998,-27.111249689730002,385.0,John Taolo Gaetsewe,98.125839,7.0
22.0162499271,-30.94458300773,384.0,Pixley ka Seme,84.960424332,58.0
24.507916583799997,-29.986249678230003,382.0,Pixley ka Seme,84.960424332,57.0
28.341249901799998,-27.494583021529998,381.0,Fezile Dabi,81.22266558,72.0
28.341249901799998,-28.452916351029998,381.0,Thabo Mofutsanyane,95.78038554,16.0
22.782916590699998,-33.81958299623,379.0,Eden,93.251039427,26.0
26.232916576900003,-25.194583030729998,379.0,Ngaka Modiri Molema,92.82207438,27.0
29.491249897199996,-27.111249689730002,378.0,Gert Sibande,95.90927831100001,15.0
26.424583242799997,-32.094583003130005,377.0,Chris Hani,95.019458247,19.0
26.999583240499994,-32.28624966903,375.0,Amathole,95.065689096,19.0
31.2162498903,-25.57791636253,375.0,Ehlanzeni,87.90843492900001,45.0
23.357916588400002,-34.01124966213,374.0,Eden,93.251039427,25.0
23.9329165861,-32.47791633493,374.0,Cacadu,94.088183364,22.0
24.699583249699998,-29.027916348730002,374.0,Xhariep,93.820969935,23.0
27.382916572299997,-32.094583003130005,370.0,Chris Hani,95.019458247,18.0
26.232916576900003,-31.90291633723,369.0,Chris Hani,95.019458247,18.0
19.141249938599998,-34.20291632803,368.0,Overberg,94.311689094,21.0
27.382916572299997,-26.152916360229998,368.0,West Rand,94.90058883900001,19.0
31.599583222099998,-25.386249696630003,368.0,Ehlanzeni,87.90843492900001,44.0
18.5662499409,-31.51958300543,366.0,West Coast,94.30236093600001,21.0
23.741249920199998,-31.90291633723,366.0,Central Karoo,98.03010483,7.0
24.507916583799997,-28.83624968283,365.0,Frances Baard,97.261760295,10.0
31.024583224399997,-27.111249689730002,365.0,Gert Sibande,95.90927831100001,15.0
28.341249901799998,-23.46958303763,363.0,Waterberg,93.14523332099999,25.0
29.491249897199996,-29.60291634643,363.0,Sisonke,92.80777356899999,26.0
22.5912499248,-33.81958299623,362.0,Eden,93.251039427,24.0
26.999583240499994,-25.76958302843,362.0,Bojanala,90.34422698700001,35.0
30.4495832267,-25.76958302843,362.0,Nkangala,86.47099272,49.0
23.1662499225,-28.83624968283,360.0,Pixley ka Seme,84.960424332,54.0
22.9745832566,-33.62791633033,359.0,Eden,93.251039427,24.0
23.741249920199998,-27.302916355630003,359.0,John Taolo Gaetsewe,98.125839,7.0
26.999583240499994,-29.027916348730002,359.0,Mangaung,96.171250203,14.0
29.491249897199996,-29.41124968053,359.0,Umgungundlovu,94.460073687,20.0
32.749583217499996,-26.72791635793,357.0,Umkhanyakude,92.176661808,28.0
26.6162499087,-31.711249671330002,355.0,Chris Hani,95.019458247,18.0
27.5745832382,-27.494583021529998,354.0,Fezile Dabi,81.22266558,66.0
30.2579165608,-27.111249689730002,353.0,Gert Sibande,95.90927831100001,14.0
26.232916576900003,-29.21958301463,352.0,Mangaung,96.171250203,13.0
29.107916565399997,-28.261249685129997,352.0,Thabo Mofutsanyane,95.78038554,15.0
17.6079166114,-29.21958301463,351.0,Namakwa,97.88969471400002,7.0
18.182916609099998,-33.052916332630005,348.0,West Coast,94.30236093600001,20.0
29.107916565399997,-28.069583019230002,348.0,Thabo Mofutsanyane,95.78038554,15.0
24.8912499156,-33.81958299623,347.0,Cacadu,94.088183364,21.0
24.124583252,-28.261249685129997,346.0,Frances Baard,97.261760295,9.0
30.4495832267,-24.61958303303,346.0,Sekhukhune,89.77737371399999,35.0
30.2579165608,-27.87791635333,345.0,Amajuba,92.774776248,25.0
26.999583240499994,-28.83624968283,343.0,Thabo Mofutsanyane,95.78038554,14.0
21.2495832635,-34.20291632803,342.0,Eden,93.251039427,23.0
26.041249910999998,-26.344583026130003,342.0,Ngaka Modiri Molema,92.82207438,25.0
28.7245832336,-30.36958301003,341.0,Alfred Nzo,94.368393126,19.0
29.491249897199996,-25.96124969433,341.0,Nkangala,86.47099272,46.0
30.2579165608,-25.57791636253,341.0,Nkangala,86.47099272,46.0
27.191249906399996,-25.76958302843,340.0,Bojanala,90.34422698700001,33.0
27.957916570000002,-28.261249685129997,340.0,Thabo Mofutsanyane,95.78038554,14.0
32.5579165516,-27.111249689730002,340.0,Umkhanyakude,92.176661808,27.0
23.357916588400002,-33.81958299623,339.0,Eden,93.251039427,23.0
25.8495832451,-33.43624966443,338.0,Cacadu,94.088183364,20.0
29.874583229,-24.04458303533,338.0,Capricorn,84.429308124,53.0
23.357916588400002,-30.56124967593,337.0,Pixley ka Seme,84.960424332,51.0
23.9329165861,-31.327916339530002,337.0,Pixley ka Seme,84.960424332,51.0
25.6579165792,-32.66958300083,337.0,Cacadu,94.088183364,20.0
26.999583240499994,-32.47791633493,334.0,Amathole,95.065689096,16.0
27.382916572299997,-25.76958302843,331.0,Bojanala,90.34422698700001,32.0
30.641249892599998,-27.494583021529998,331.0,Zululand,92.734361181,24.0
20.099583268099998,-33.81958299623,330.0,Cape Winelands,92.786964732,24.0
27.191249906399996,-26.91958302383,330.0,Dr Kenneth Kaunda,92.072503782,26.0
31.791249888,-27.494583021529998,330.0,Zululand,92.734361181,24.0
18.374583275,-34.20291632803,329.0,City of Cape Town,94.711758939,17.0
30.2579165608,-28.069583019230002,327.0,Amajuba,92.774776248,24.0
25.466249913299997,-26.72791635793,325.0,Ngaka Modiri Molema,92.82207438,23.0
23.9329165861,-26.536249692029998,324.0,Dr Ruth Segomotsi Mompati,94.37904611100001,18.0
29.682916563099997,-27.302916355630003,323.0,Gert Sibande,95.90927831100001,13.0
24.699583249699998,-26.536249692029998,321.0,Dr Ruth Segomotsi Mompati,94.37904611100001,18.0
30.2579165608,-26.72791635793,321.0,Gert Sibande,95.90927831100001,13.0
19.9079166022,-34.01124966213,320.0,Cape Winelands,92.786964732,23.0
22.9745832566,-27.111249689730002,320.0,John Taolo Gaetsewe,98.125839,6.0
18.5662499409,-32.66958300083,316.0,West Coast,94.30236093600001,18.0
26.6162499087,-26.344583026130003,316.0,Dr Kenneth Kaunda,92.072503782,25.0
26.999583240499994,-28.452916351029998,316.0,Lejweleputswa,96.61212678599999,11.0
23.357916588400002,-27.111249689730002,314.0,John Taolo Gaetsewe,98.125839,6.0
25.8495832451,-29.60291634643,313.0,Xhariep,93.820969935,19.0
25.8495832451,-30.36958301003,312.0,Xhariep,93.820969935,19.0
31.024583224399997,-27.87791635333,310.0,Zululand,92.734361181,23.0
23.741249920199998,-26.72791635793,309.0,Dr Ruth Segomotsi Mompati,94.37904611100001,17.0
30.4495832267,-26.152916360229998,309.0,Gert Sibande,95.90927831100001,13.0
30.8329165585,-26.91958302383,309.0,Gert Sibande,95.90927831100001,13.0
29.874583229,-23.85291636943,308.0,Capricorn,84.429308124,48.0
23.357916588400002,-25.96124969433,307.0,Dr Ruth Segomotsi Mompati,94.37904611100001,17.0
25.0829165815,-33.81958299623,304.0,Cacadu,94.088183364,18.0
26.8079165746,-32.861249666730004,304.0,Amathole,95.065689096,15.0
28.1495832359,-26.91958302383,304.0,Fezile Dabi,81.22266558,57.0
26.6162499087,-32.28624966903,303.0,Chris Hani,95.019458247,15.0
24.507916583799997,-32.861249666730004,302.0,Cacadu,94.088183364,18.0
25.6579165792,-30.75291634183,301.0,Joe Gqabi,92.036230902,24.0
28.916249899500002,-30.17791634413,301.0,Alfred Nzo,94.368393126,17.0
24.3162499179,-30.94458300773,300.0,Pixley ka Seme,84.960424332,45.0
28.341249901799998,-26.72791635793,299.0,Sedibeng,91.91230775999999,24.0
26.8079165746,-32.47791633493,298.0,Amathole,95.065689096,15.0
24.3162499179,-27.87791635333,297.0,Frances Baard,97.261760295,8.0
26.424583242799997,-32.66958300083,297.0,Amathole,95.065689096,15.0
27.191249906399996,-33.052916332630005,297.0,Amathole,95.065689096,15.0
30.2579165608,-29.027916348730002,297.0,Umgungundlovu,94.460073687,16.0
27.957916570000002,-31.327916339530002,296.0,Chris Hani,95.019458247,15.0
30.066249894899997,-26.152916360229998,296.0,Gert Sibande,95.90927831100001,12.0
25.6579165792,-25.57791636253,295.0,Ngaka Modiri Molema,92.82207438,21.0
30.066249894899997,-22.51124970813,295.0,Vhembe,89.95585158,30.0
30.066249894899997,-25.386249696630003,294.0,Nkangala,86.47099272,40.0
25.466249913299997,-26.91958302383,293.0,Dr Ruth Segomotsi Mompati,94.37904611100001,16.0
21.441249929399998,-34.20291632803,291.0,Eden,93.251039427,20.0
32.5579165516,-26.72791635793,291.0,Umkhanyakude,92.176661808,23.0
16.841249947799998,-29.21958301463,287.0,Namakwa,97.88969471400002,6.0
29.491249897199996,-25.57791636253,287.0,Nkangala,86.47099272,39.0
25.6579165792,-28.64458301693,286.0,Lejweleputswa,96.61212678599999,10.0
23.5495832543,-28.069583019230002,284.0,Z F Mgcawu,97.317877104,8.0
30.8329165585,-24.236249701229998,284.0,Mopani,89.892208224,29.0
27.5745832382,-26.72791635793,283.0,Dr Kenneth Kaunda,92.072503782,22.0
32.1745832198,-27.68624968743,283.0,Umkhanyakude,92.176661808,22.0
31.599583222099998,-27.494583021529998,282.0,Zululand,92.734361181,20.0
21.6329165953,-28.452916351029998,281.0,Z F Mgcawu,97.317877104,8.0
23.357916588400002,-28.261249685129997,281.0,Z F Mgcawu,97.317877104,8.0
25.0829165815,-25.76958302843,280.0,Ngaka Modiri Molema,92.82207438,20.0
20.6745832658,-33.81958299623,279.0,Overberg,94.311689094,16.0
27.191249906399996,-33.24458299853,279.0,Amathole,95.065689096,14.0
30.2579165608,-26.536249692029998,279.0,Gert Sibande,95.90927831100001,11.0
18.182916609099998,-32.094583003130005,278.0,West Coast,94.30236093600001,16.0
27.5745832382,-32.28624966903,278.0,Amathole,95.065689096,14.0
24.124583252,-27.494583021529998,277.0,Dr Ruth Segomotsi Mompati,94.37904611100001,16.0
29.107916565399997,-24.81124969893,277.0,Waterberg,93.14523332099999,19.0
26.424583242799997,-30.17791634413,275.0,Xhariep,93.820969935,17.0
29.107916565399997,-26.72791635793,275.0,Gert Sibande,95.90927831100001,11.0
29.299583231299998,-23.277916371729997,275.0,Capricorn,84.429308124,43.0
20.291249934,-28.64458301693,274.0,Z F Mgcawu,97.317877104,7.0
21.6329165953,-33.43624966443,274.0,Eden,93.251039427,18.0
23.5495832543,-25.96124969433,273.0,Dr Ruth Segomotsi Mompati,94.37904611100001,15.0
23.1662499225,-33.62791633033,271.0,Eden,93.251039427,18.0
27.382916572299997,-31.327916339530002,270.0,Joe Gqabi,92.036230902,22.0
26.424583242799997,-26.91958302383,267.0,Dr Kenneth Kaunda,92.072503782,21.0
30.8329165585,-22.51124970813,267.0,Vhembe,89.95585158,27.0
30.4495832267,-27.494583021529998,266.0,Amajuba,92.774776248,19.0
31.791249888,-28.261249685129997,266.0,Umkhanyakude,92.176661808,21.0
26.232916576900003,-25.57791636253,265.0,Ngaka Modiri Molema,92.82207438,19.0
29.874583229,-27.494583021529998,263.0,Amajuba,92.774776248,19.0
31.024583224399997,-23.46958303763,263.0,Mopani,89.892208224,27.0
23.1662499225,-26.72791635793,262.0,John Taolo Gaetsewe,98.125839,5.0
29.491249897199996,-23.46958303763,262.0,Capricorn,84.429308124,41.0
31.4079165562,-27.494583021529998,262.0,Zululand,92.734361181,19.0
26.8079165746,-25.96124969433,261.0,Bojanala,90.34422698700001,25.0
25.6579165792,-29.986249678230003,259.0,Xhariep,93.820969935,16.0
24.3162499179,-33.24458299853,257.0,Cacadu,94.088183364,15.0
26.6162499087,-30.94458300773,256.0,Joe Gqabi,92.036230902,20.0
22.9745832566,-26.91958302383,254.0,John Taolo Gaetsewe,98.125839,5.0
27.7662499041,-28.452916351029998,254.0,Thabo Mofutsanyane,95.78038554,11.0
24.3162499179,-30.36958301003,252.0,Pixley ka Seme,84.960424332,38.0
30.4495832267,-24.04458303533,252.0,Mopani,89.892208224,25.0
19.141249938599998,-34.01124966213,248.0,Overberg,94.311689094,14.0
31.024583224399997,-28.261249685129997,248.0,Zululand,92.734361181,18.0
17.6079166114,-29.41124968053,246.0,Namakwa,97.88969471400002,5.0
18.949583272699996,-33.43624966443,246.0,West Coast,94.30236093600001,14.0
27.5745832382,-26.536249692029998,242.0,West Rand,94.90058883900001,12.0
29.874583229,-25.194583030729998,242.0,Sekhukhune,89.77737371399999,25.0
25.6579165792,-26.344583026130003,241.0,Ngaka Modiri Molema,92.82207438,17.0
26.041249910999998,-29.60291634643,240.0,Xhariep,93.820969935,15.0
18.7579166068,-32.66958300083,239.0,West Coast,94.30236093600001,14.0
25.466249913299997,-33.43624966443,238.0,Cacadu,94.088183364,14.0
31.791249888,-27.302916355630003,238.0,Umkhanyakude,92.176661808,19.0
28.7245832336,-27.111249689730002,235.0,Fezile Dabi,81.22266558,44.0
31.2162498903,-25.194583030729998,235.0,Ehlanzeni,87.90843492900001,28.0
19.3329166045,-34.01124966213,232.0,Overberg,94.311689094,13.0
21.0579165976,-29.21958301463,232.0,Z F Mgcawu,97.317877104,6.0
25.0829165815,-32.47791633493,232.0,Cacadu,94.088183364,14.0
28.7245832336,-25.96124969433,232.0,City of Tshwane,94.463777835,13.0
31.982916553899997,-27.68624968743,232.0,Umkhanyakude,92.176661808,18.0
23.357916588400002,-33.62791633033,231.0,Eden,93.251039427,16.0
26.041249910999998,-26.536249692029998,231.0,Ngaka Modiri Molema,92.82207438,17.0
26.424583242799997,-26.344583026130003,230.0,Ngaka Modiri Molema,92.82207438,17.0
23.357916588400002,-25.76958302843,229.0,Dr Ruth Segomotsi Mompati,94.37904611100001,13.0
25.6579165792,-31.51958300543,229.0,Chris Hani,95.019458247,11.0
25.0829165815,-26.72791635793,228.0,Dr Ruth Segomotsi Mompati,94.37904611100001,13.0
26.999583240499994,-29.41124968053,228.0,Thabo Mofutsanyane,95.78038554,10.0
25.0829165815,-25.57791636253,226.0,Ngaka Modiri Molema,92.82207438,16.0
19.524583270399997,-33.62791633033,225.0,Cape Winelands,92.786964732,16.0
26.041249910999998,-25.57791636253,225.0,Ngaka Modiri Molema,92.82207438,16.0
26.8079165746,-33.052916332630005,225.0,Cacadu,94.088183364,13.0
29.299583231299998,-30.17791634413,225.0,Sisonke,92.80777356899999,16.0
23.9329165861,-33.81958299623,224.0,Cacadu,94.088183364,13.0
19.7162499363,-34.39458299393,223.0,Overberg,94.311689094,13.0
26.424583242799997,-25.00291636483,223.0,Ngaka Modiri Molema,92.82207438,16.0
27.191249906399996,-25.96124969433,223.0,Bojanala,90.34422698700001,22.0
29.874583229,-26.91958302383,223.0,Gert Sibande,95.90927831100001,9.0
30.4495832267,-27.111249689730002,221.0,Gert Sibande,95.90927831100001,9.0
29.682916563099997,-25.194583030729998,220.0,Sekhukhune,89.77737371399999,22.0
24.507916583799997,-26.91958302383,219.0,Dr Ruth Segomotsi Mompati,94.37904611100001,12.0
29.299583231299998,-29.986249678230003,219.0,Sisonke,92.80777356899999,16.0
25.8495832451,-25.57791636253,217.0,Ngaka Modiri Molema,92.82207438,16.0
26.8079165746,-24.61958303303,217.0,Waterberg,93.14523332099999,15.0
29.491249897199996,-22.12791637633,216.0,Vhembe,89.95585158,22.0
25.2745832474,-26.72791635793,213.0,Ngaka Modiri Molema,92.82207438,15.0
21.0579165976,-34.01124966213,212.0,Eden,93.251039427,14.0
30.4495832267,-25.96124969433,212.0,Gert Sibande,95.90927831100001,9.0
25.6579165792,-26.152916360229998,211.0,Ngaka Modiri Molema,92.82207438,15.0
29.682916563099997,-26.152916360229998,211.0,Nkangala,86.47099272,29.0
30.2579165608,-28.261249685129997,210.0,Umzinyathi,94.613038821,11.0
26.041249910999998,-26.72791635793,209.0,Ngaka Modiri Molema,92.82207438,15.0
20.6745832658,-33.052916332630005,208.0,Central Karoo,98.03010483,4.0
20.8662499317,-31.327916339530002,207.0,Namakwa,97.88969471400002,4.0
24.699583249699998,-25.76958302843,206.0,Ngaka Modiri Molema,92.82207438,15.0
29.874583229,-25.00291636483,206.0,Sekhukhune,89.77737371399999,21.0
25.6579165792,-26.72791635793,205.0,Ngaka Modiri Molema,92.82207438,15.0
26.424583242799997,-33.62791633033,205.0,Cacadu,94.088183364,12.0
28.7245832336,-32.28624966903,205.0,Amathole,95.065689096,10.0
29.107916565399997,-25.96124969433,205.0,Nkangala,86.47099272,28.0
19.9079166022,-34.777916325730004,204.0,Overberg,94.311689094,12.0
21.441249929399998,-33.43624966443,204.0,Eden,93.251039427,14.0
27.5745832382,-30.36958301003,204.0,Joe Gqabi,92.036230902,16.0
26.041249910999998,-33.24458299853,202.0,Cacadu,94.088183364,12.0
27.382916572299997,-25.194583030729998,202.0,Bojanala,90.34422698700001,20.0
18.949583272699996,-32.66958300083,201.0,West Coast,94.30236093600001,11.0
19.9079166022,-26.72791635793,201.0,Z F Mgcawu,97.317877104,5.0
27.5745832382,-25.194583030729998,201.0,Bojanala,90.34422698700001,19.0
28.7245832336,-26.152916360229998,200.0,Nkangala,86.47099272,27.0
29.299583231299998,-29.79458301233,200.0,Sisonke,92.80777356899999,14.0
32.1745832198,-26.72791635793,200.0,Umkhanyakude,92.176661808,16.0
30.4495832267,-26.536249692029998,199.0,Gert Sibande,95.90927831100001,8.0
20.482916599899998,-34.01124966213,198.0,Overberg,94.311689094,11.0
21.441249929399998,-28.261249685129997,197.0,Z F Mgcawu,97.317877104,5.0
29.299583231299998,-26.72791635793,197.0,Gert Sibande,95.90927831100001,8.0
24.124583252,-26.344583026130003,196.0,Dr Ruth Segomotsi Mompati,94.37904611100001,11.0
30.2579165608,-27.302916355630003,196.0,Gert Sibande,95.90927831100001,8.0
31.982916553899997,-28.83624968283,196.0,Uthungulu,90.292884192,19.0
18.5662499409,-33.24458299853,195.0,West Coast,94.30236093600001,11.0
29.107916565399997,-22.51124970813,194.0,Vhembe,89.95585158,19.0
30.8329165585,-24.81124969893,194.0,Ehlanzeni,87.90843492900001,23.0
19.141249938599998,-32.66958300083,193.0,West Coast,94.30236093600001,11.0
29.874583229,-29.41124968053,193.0,Umgungundlovu,94.460073687,11.0
23.357916588400002,-26.72791635793,192.0,John Taolo Gaetsewe,98.125839,4.0
29.107916565399997,-28.452916351029998,191.0,Thabo Mofutsanyane,95.78038554,8.0
26.8079165746,-25.57791636253,190.0,Bojanala,90.34422698700001,18.0
29.299583231299998,-25.194583030729998,189.0,Sekhukhune,89.77737371399999,19.0
17.7995832773,-32.66958300083,188.0,West Coast,94.30236093600001,11.0
28.7245832336,-28.64458301693,187.0,Thabo Mofutsanyane,95.78038554,8.0
26.041249910999998,-28.64458301693,186.0,Lejweleputswa,96.61212678599999,6.0
23.1662499225,-26.91958302383,185.0,John Taolo Gaetsewe,98.125839,3.0
23.5495832543,-29.79458301233,185.0,Pixley ka Seme,84.960424332,28.0
25.8495832451,-26.536249692029998,185.0,Ngaka Modiri Molema,92.82207438,13.0
27.191249906399996,-24.427916367130003,185.0,Waterberg,93.14523332099999,13.0
29.107916565399997,-26.536249692029998,184.0,Gert Sibande,95.90927831100001,8.0
30.641249892599998,-23.66124970353,184.0,Mopani,89.892208224,19.0
22.782916590699998,-26.536249692029998,183.0,John Taolo Gaetsewe,98.125839,3.0
25.6579165792,-30.17791634413,182.0,Xhariep,93.820969935,11.0
27.382916572299997,-32.28624966903,182.0,Chris Hani,95.019458247,9.0
26.041249910999998,-24.61958303303,181.0,Ngaka Modiri Molema,92.82207438,13.0
26.8079165746,-24.81124969893,181.0,Waterberg,93.14523332099999,12.0
19.3329166045,-32.861249666730004,180.0,Cape Winelands,92.786964732,13.0
20.6745832658,-34.01124966213,180.0,Overberg,94.311689094,10.0
26.6162499087,-24.81124969893,180.0,Waterberg,93.14523332099999,12.0
26.424583242799997,-27.302916355630003,179.0,Dr Kenneth Kaunda,92.072503782,14.0
25.466249913299997,-26.536249692029998,178.0,Ngaka Modiri Molema,92.82207438,13.0
30.066249894899997,-29.027916348730002,178.0,Umgungundlovu,94.460073687,10.0
30.066249894899997,-29.21958301463,178.0,Umgungundlovu,94.460073687,10.0
20.482916599899998,-33.81958299623,177.0,Cape Winelands,92.786964732,13.0
26.041249910999998,-27.111249689730002,177.0,Dr Kenneth Kaunda,92.072503782,14.0
26.232916576900003,-25.386249696630003,177.0,Ngaka Modiri Molema,92.82207438,13.0
27.382916572299997,-24.61958303303,177.0,Waterberg,93.14523332099999,12.0
20.482916599899998,-32.28624966903,176.0,Namakwa,97.88969471400002,4.0
24.3162499179,-26.536249692029998,176.0,Dr Ruth Segomotsi Mompati,94.37904611100001,10.0
24.3162499179,-34.01124966213,176.0,Cacadu,94.088183364,10.0
19.524583270399997,-33.24458299853,175.0,Cape Winelands,92.786964732,13.0
19.3329166045,-33.052916332630005,174.0,Cape Winelands,92.786964732,13.0
21.441249929399998,-31.90291633723,174.0,Namakwa,97.88969471400002,4.0
24.507916583799997,-27.111249689730002,173.0,Dr Ruth Segomotsi Mompati,94.37904611100001,10.0
25.0829165815,-26.536249692029998,173.0,Ngaka Modiri Molema,92.82207438,12.0
28.341249901799998,-24.81124969893,173.0,Waterberg,93.14523332099999,12.0
18.5662499409,-32.094583003130005,172.0,West Coast,94.30236093600001,10.0
19.3329166045,-29.027916348730002,172.0,Namakwa,97.88969471400002,4.0
26.424583242799997,-25.57791636253,172.0,Ngaka Modiri Molema,92.82207438,12.0
32.3662498857,-27.87791635333,172.0,Umkhanyakude,92.176661808,13.0
24.699583249699998,-29.60291634643,171.0,Xhariep,93.820969935,11.0
26.424583242799997,-26.152916360229998,171.0,Ngaka Modiri Molema,92.82207438,12.0
28.1495832359,-28.261249685129997,170.0,Thabo Mofutsanyane,95.78038554,7.0
18.7579166068,-33.052916332630005,169.0,West Coast,94.30236093600001,10.0
31.791249888,-27.111249689730002,169.0,Umkhanyakude,92.176661808,13.0
21.824583261199997,-32.66958300083,168.0,Central Karoo,98.03010483,3.0
28.916249899500002,-26.72791635793,167.0,Gert Sibande,95.90927831100001,7.0
22.0162499271,-33.62791633033,166.0,Eden,93.251039427,11.0
26.999583240499994,-24.61958303303,166.0,Waterberg,93.14523332099999,11.0
24.3162499179,-32.861249666730004,163.0,Cacadu,94.088183364,10.0
26.232916576900003,-25.00291636483,163.0,Ngaka Modiri Molema,92.82207438,12.0
26.424583242799997,-26.536249692029998,163.0,Dr Kenneth Kaunda,92.072503782,13.0
22.782916590699998,-27.111249689730002,162.0,John Taolo Gaetsewe,98.125839,3.0
29.491249897199996,-29.21958301463,160.0,Uthukela,90.954524934,14.0
29.682916563099997,-27.87791635333,160.0,Thabo Mofutsanyane,95.78038554,7.0
26.232916576900003,-25.96124969433,159.0,Ngaka Modiri Molema,92.82207438,11.0
23.5495832543,-26.91958302383,157.0,John Taolo Gaetsewe,98.125839,3.0
24.124583252,-26.72791635793,155.0,Dr Ruth Segomotsi Mompati,94.37904611100001,9.0
32.749583217499996,-27.111249689730002,154.0,Umkhanyakude,92.176661808,12.0
23.1662499225,-26.152916360229998,153.0,John Taolo Gaetsewe,98.125839,3.0
29.491249897199996,-28.452916351029998,153.0,Uthukela,90.954524934,14.0
29.682916563099997,-29.21958301463,153.0,Uthukela,90.954524934,14.0
19.9079166022,-33.62791633033,152.0,Cape Winelands,92.786964732,11.0
30.8329165585,-26.72791635793,152.0,Gert Sibande,95.90927831100001,6.0
26.232916576900003,-26.536249692029998,151.0,Ngaka Modiri Molema,92.82207438,11.0
22.9745832566,-26.344583026130003,150.0,John Taolo Gaetsewe,98.125839,3.0
25.2745832474,-30.17791634413,150.0,Xhariep,93.820969935,9.0
30.2579165608,-25.194583030729998,149.0,Ehlanzeni,87.90843492900001,18.0
30.2579165608,-29.21958301463,149.0,Umgungundlovu,94.460073687,8.0
17.4162499455,-29.79458301233,147.0,Namakwa,97.88969471400002,3.0
23.5495832543,-27.111249689730002,147.0,John Taolo Gaetsewe,98.125839,3.0
28.341249901799998,-28.069583019230002,147.0,Thabo Mofutsanyane,95.78038554,6.0
18.374583275,-31.711249671330002,146.0,West Coast,94.30236093600001,8.0
22.0162499271,-28.83624968283,146.0,Z F Mgcawu,97.317877104,4.0
26.6162499087,-28.83624968283,145.0,Lejweleputswa,96.61212678599999,5.0
19.3329166045,-30.94458300773,144.0,Namakwa,97.88969471400002,3.0
25.2745832474,-25.96124969433,143.0,Ngaka Modiri Molema,92.82207438,10.0
20.291249934,-28.452916351029998,142.0,Z F Mgcawu,97.317877104,4.0
23.5495832543,-33.81958299623,142.0,Eden,93.251039427,10.0
27.191249906399996,-32.47791633493,142.0,Amathole,95.065689096,7.0
26.6162499087,-26.536249692029998,141.0,Dr Kenneth Kaunda,92.072503782,11.0
20.482916599899998,-30.36958301003,140.0,Namakwa,97.88969471400002,3.0
29.682916563099997,-25.57791636253,140.0,Nkangala,86.47099272,19.0
27.957916570000002,-32.47791633493,139.0,Amathole,95.065689096,7.0
26.232916576900003,-26.344583026130003,138.0,Ngaka Modiri Molema,92.82207438,10.0
28.1495832359,-26.72791635793,138.0,Sedibeng,91.91230775999999,11.0
29.874583229,-23.66124970353,137.0,Capricorn,84.429308124,21.0
22.5912499248,-32.28624966903,135.0,Central Karoo,98.03010483,3.0
30.066249894899997,-31.136249673630005,135.0,Alfred Nzo,94.368393126,8.0
30.2579165608,-26.344583026130003,135.0,Gert Sibande,95.90927831100001,6.0
21.824583261199997,-28.64458301693,134.0,Z F Mgcawu,97.317877104,4.0
28.916249899500002,-28.452916351029998,134.0,Thabo Mofutsanyane,95.78038554,6.0
27.191249906399996,-26.536249692029998,133.0,West Rand,94.90058883900001,7.0
24.3162499179,-26.152916360229998,132.0,Dr Ruth Segomotsi Mompati,94.37904611100001,7.0
27.382916572299997,-30.17791634413,132.0,Xhariep,93.820969935,8.0
30.066249894899997,-26.536249692029998,132.0,Gert Sibande,95.90927831100001,5.0
29.107916565399997,-29.986249678230003,131.0,Sisonke,92.80777356899999,9.0
31.791249888,-25.194583030729998,131.0,Ehlanzeni,87.90843492900001,16.0
31.4079165562,-29.21958301463,130.0,iLembe,75.408364836,32.0
26.424583242799997,-25.96124969433,129.0,Ngaka Modiri Molema,92.82207438,9.0
26.999583240499994,-26.152916360229998,129.0,Dr Kenneth Kaunda,92.072503782,10.0
30.4495832267,-27.68624968743,129.0,Amajuba,92.774776248,9.0
25.8495832451,-26.91958302383,128.0,Ngaka Modiri Molema,92.82207438,9.0
26.8079165746,-25.386249696630003,128.0,Bojanala,90.34422698700001,12.0
29.491249897199996,-23.277916371729997,128.0,Capricorn,84.429308124,20.0
22.0162499271,-33.81958299623,127.0,Eden,93.251039427,9.0
30.8329165585,-27.87791635333,127.0,Zululand,92.734361181,9.0
32.3662498857,-28.452916351029998,126.0,Umkhanyakude,92.176661808,10.0
27.7662499041,-27.68624968743,125.0,Fezile Dabi,81.22266558,23.0
28.916249899500002,-26.152916360229998,125.0,Nkangala,86.47099272,17.0
30.641249892599998,-24.81124969893,125.0,Sekhukhune,89.77737371399999,13.0
31.024583224399997,-28.069583019230002,125.0,Zululand,92.734361181,9.0
23.357916588400002,-26.152916360229998,124.0,Dr Ruth Segomotsi Mompati,94.37904611100001,7.0
24.699583249699998,-25.96124969433,124.0,Ngaka Modiri Molema,92.82207438,9.0
28.1495832359,-30.36958301003,124.0,Alfred Nzo,94.368393126,7.0
30.8329165585,-25.00291636483,124.0,Ehlanzeni,87.90843492900001,15.0
23.5495832543,-28.64458301693,123.0,Z F Mgcawu,97.317877104,3.0
25.6579165792,-26.91958302383,123.0,Dr Ruth Segomotsi Mompati,94.37904611100001,7.0
18.7579166068,-32.47791633493,121.0,West Coast,94.30236093600001,7.0
18.949583272699996,-31.327916339530002,121.0,West Coast,94.30236093600001,7.0
22.782916590699998,-29.21958301463,121.0,Pixley ka Seme,84.960424332,18.0
28.341249901799998,-28.261249685129997,121.0,Thabo Mofutsanyane,95.78038554,5.0
28.532916567699996,-22.70291637403,121.0,Capricorn,84.429308124,19.0
31.024583224399997,-25.96124969433,121.0,Gert Sibande,95.90927831100001,5.0
26.041249910999998,-28.83624968283,120.0,Mangaung,96.171250203,5.0
26.424583242799997,-25.76958302843,120.0,Ngaka Modiri Molema,92.82207438,9.0
28.532916567699996,-32.47791633493,119.0,Amathole,95.065689096,6.0
18.182916609099998,-31.711249671330002,118.0,West Coast,94.30236093600001,7.0
22.0162499271,-29.21958301463,118.0,Pixley ka Seme,84.960424332,18.0
24.507916583799997,-34.01124966213,118.0,Cacadu,94.088183364,7.0
25.6579165792,-27.111249689730002,118.0,Dr Ruth Segomotsi Mompati,94.37904611100001,7.0
27.382916572299997,-33.24458299853,118.0,Amathole,95.065689096,6.0
29.491249897199996,-23.08624970583,118.0,Vhembe,89.95585158,12.0
18.7579166068,-29.21958301463,117.0,Namakwa,97.88969471400002,2.0
27.191249906399996,-26.72791635793,117.0,Dr Kenneth Kaunda,92.072503782,9.0
25.6579165792,-33.62791633033,116.0,Nelson Mandela Bay,91.50704923500001,10.0
26.8079165746,-28.83624968283,116.0,Lejweleputswa,96.61212678599999,4.0
28.532916567699996,-26.344583026130003,116.0,Sedibeng,91.91230775999999,9.0
29.682916563099997,-28.069583019230002,116.0,Amajuba,92.774776248,8.0
22.9745832566,-26.152916360229998,115.0,John Taolo Gaetsewe,98.125839,2.0
29.299583231299998,-26.91958302383,115.0,Gert Sibande,95.90927831100001,5.0
29.299583231299998,-28.261249685129997,115.0,Thabo Mofutsanyane,95.78038554,5.0
30.066249894899997,-27.494583021529998,115.0,Amajuba,92.774776248,8.0
23.5495832543,-26.72791635793,114.0,Dr Ruth Segomotsi Mompati,94.37904611100001,6.0
25.8495832451,-26.152916360229998,114.0,Ngaka Modiri Molema,92.82207438,8.0
29.107916565399997,-30.17791634413,114.0,Sisonke,92.80777356899999,8.0
28.532916567699996,-28.452916351029998,113.0,Thabo Mofutsanyane,95.78038554,5.0
19.141249938599998,-29.027916348730002,111.0,Namakwa,97.88969471400002,2.0
29.874583229,-28.069583019230002,111.0,Amajuba,92.774776248,8.0
18.7579166068,-34.20291632803,110.0,City of Cape Town,94.711758939,6.0
23.5495832543,-27.494583021529998,110.0,John Taolo Gaetsewe,98.125839,2.0
29.682916563099997,-27.494583021529998,110.0,Gert Sibande,95.90927831100001,4.0
19.141249938599998,-28.64458301693,109.0,Namakwa,97.88969471400002,2.0
29.682916563099997,-26.536249692029998,109.0,Gert Sibande,95.90927831100001,4.0
30.641249892599998,-25.194583030729998,109.0,Ehlanzeni,87.90843492900001,13.0
23.1662499225,-33.81958299623,107.0,Eden,93.251039427,7.0
29.299583231299998,-25.386249696630003,107.0,Nkangala,86.47099272,14.0
23.5495832543,-25.386249696630003,105.0,Dr Ruth Segomotsi Mompati,94.37904611100001,6.0
24.507916583799997,-32.28624966903,105.0,Cacadu,94.088183364,6.0
25.2745832474,-30.56124967593,105.0,Pixley ka Seme,84.960424332,16.0
18.7579166068,-32.28624966903,104.0,West Coast,94.30236093600001,6.0
27.957916570000002,-24.427916367130003,104.0,Waterberg,93.14523332099999,7.0
26.424583242799997,-24.81124969893,103.0,Ngaka Modiri Molema,92.82207438,7.0
27.5745832382,-24.61958303303,103.0,Waterberg,93.14523332099999,7.0
29.299583231299998,-26.152916360229998,103.0,Nkangala,86.47099272,14.0
23.9329165861,-25.76958302843,102.0,Dr Ruth Segomotsi Mompati,94.37904611100001,6.0
28.1495832359,-30.75291634183,102.0,Joe Gqabi,92.036230902,8.0
31.024583224399997,-23.66124970353,102.0,Mopani,89.892208224,10.0
21.0579165976,-33.43624966443,101.0,Eden,93.251039427,7.0
28.1495832359,-23.277916371729997,101.0,Waterberg,93.14523332099999,7.0
